{"file_hashes":[{"block_hashes":["i5p8CjQDgeMhfLXRqQqV4HXqoIIPjlyfVNZTe840WIU="],"block_size":4096,"path":"build/1569.js"},{"block_hashes":["AVjVFFD4OTJWtGhFCA6dLb7H/dKJRuUk50maVLbwLFM="],"block_size":4096,"path":"build/1585.js"},{"block_hashes":["bN4kdkYwztXaeDgAXm+L+umISPf2z/O0ktyPRjlxq6M="],"block_size":4096,"path":"build/1593.js"},{"block_hashes":["/oYymMILnoKum7DatTh7+ZWVlRj9q9pXaprt90xCAfA="],"block_size":4096,"path":"build/1594.js"},{"block_hashes":["0NO+cABVOwLbVFmIxAl1jY08JTLS0BSsEm/XbQjjqrI="],"block_size":4096,"path":"build/1649.js"},{"block_hashes":["e0grhDsUZJE5ukI7ejd4Fh8kjVw/WXIWw3X8+3kpuMg=","J5HXhHotpWn4kYygo+Sc78CJJpGgtv+WT6Vt5xwCLBo=","L8jwM78oKee+B8UAsr8LzKMRtjdjS+pWpdHtHuClbkA="],"block_size":4096,"path":"build/1941.js"},{"block_hashes":["mu9oqZlXht1/hXHQY9tJdnWziOl3L500ae4lw1pqR0w="],"block_size":4096,"path":"build/2014.js"},{"block_hashes":["avy+nei6M8IbqdW3F4emgjsj02c8irBtDb91wuUXiTQ=","+Ix3BzMQXo1tN7il/IcXe+e2mM8C5dCpexn+CEUBY50="],"block_size":4096,"path":"build/2271.js"},{"block_hashes":["sPkBXwp/qFDZEqTpooJci7w/b5kl2SPziZGFjdeYc9w=","YnizWsGb77PWdnCozGRlPBpUNwdZl0aCIAcnAKAzbI4="],"block_size":4096,"path":"build/2287.js"},{"block_hashes":["ZclbVDnU0hdxIhylnOZC9XkPtjhD6t1yu+lwRWbWDzE=","3Yw9s/+H71Cd7mqn91vgHbSPFu23xK0/JDSjQ+qIW34="],"block_size":4096,"path":"build/2388.js"},{"block_hashes":["2Ay/RNkP4UqR+sav68KILkoKCvXtd54vx0MBr9hP/oI=","2xJyT5Iaz7v+w4ZEUQvWUK33/vFuLjB0119Jw8PdZ1c=","SQF5Jsg3ZQSwgarnkIUdqn9WgpEgr57GdLx4Jl5mZ+o=","lTrMMI1RUspbq9hni8GF5J8s71BnwNHrgbItLvHLO9I=","VNhrfhJKMVvRuCWHtgLeOvzBkDnw7KHnbwoa4nRsMYQ=","zNFpW8QIKl0WCYJP0S+ycrfVRmNRt7YqUlymUICcqsQ=","JO93z2i470j3ZTsHkwLhqOy/fDT8V8BnCiipzAUvPdU="],"block_size":4096,"path":"build/2501.js"},{"block_hashes":["kO6k5V3nQQmwcqddfD6Fp3tt8L97IbQP/BVUNHQm88c=","2gUY//U+fCjRjqGhL975dpjd4dBOtgBU7i6aJm3OFiY="],"block_size":4096,"path":"build/2583.js"},{"block_hashes":["pB+YvmufKM1sVkIDR1UVUDqKWmy+6kp5XmkW1o0p5Tw=","FXO8ubqMnRKKXpTeUW0Xa7n8wD/6XVxL5lQTdYzVqJ8="],"block_size":4096,"path":"build/2862.js"},{"block_hashes":["uXjunMOISy1LifYx2759qqKainalTXXFabasqpiwN1Y=","nhBQ7tXAgpfIyiX7efLk7MgrG8lmKxaH/7xS/DIfScA="],"block_size":4096,"path":"build/2906.js"},{"block_hashes":["tO20yjV+x/usuDn2xlUYsjtiLmZO7XcMG9k02bc7JLQ="],"block_size":4096,"path":"build/2906.js.LICENSE.txt"},{"block_hashes":["aAy+plOsdt4GvdZlQErnl5r+w9DBEKa71Y1KhFSHkT8=","1nxmDF3GxYqY0FWwbFNErSHEHbkQIwmVzttHZuXFR4E="],"block_size":4096,"path":"build/300.js"},{"block_hashes":["5ISXDtHtQFQHDwxg4MrV9caongJXEnshXSBVl09doO8="],"block_size":4096,"path":"build/3008.js"},{"block_hashes":["qQ940xmwBYu8l1GfmNErze5AuD3LQVF05nUA6t+QgQM="],"block_size":4096,"path":"build/3315.js"},{"block_hashes":["dJzsGBeMFKTqhcs5ftvewcvmG6naZThoMrmiZZ+OoVs="],"block_size":4096,"path":"build/3399.js"},{"block_hashes":["BEvqi3N7o49jj6w/CInIUgV3aUw34PUjbNkhzVyVgLM="],"block_size":4096,"path":"build/3504.js"},{"block_hashes":["dHT2cjO4FlvqZIgrwimxoCPEP2fiWsg0mx7H6T9XJ8Q="],"block_size":4096,"path":"build/3553.js"},{"block_hashes":["GSQUxz2cupA25FpepGJOSi1cwXB+hLzTrTzo1xYEpY4="],"block_size":4096,"path":"build/3673.js"},{"block_hashes":["F2AHF5l+nuUedpJrMGwb73RRY/kS+jzi1Kp+dpmO7Iw="],"block_size":4096,"path":"build/3855.js"},{"block_hashes":["WXGm6wuevW7FUmh9wL24VSXGp98AaLKXNDubT3x9U3E="],"block_size":4096,"path":"build/4035.js"},{"block_hashes":["0SzYK+Khp8TvyRtC2GxlpOhujUNjdi83q7pWH0ZCo3w="],"block_size":4096,"path":"build/4073.js"},{"block_hashes":["2kZ5a4To/88JTFT9ACrtHEYsH8vpMJdjBTMDeyK6fVo="],"block_size":4096,"path":"build/4454.js"},{"block_hashes":["kw7O/Rh7oylD8yy4fzqoLf5G6g9SdiMkYLRv3mGvl4E="],"block_size":4096,"path":"build/4511.js"},{"block_hashes":["HPJ2kVNj7d6czVIsOzfcy9MPVEI934usShhmKmSy71I=","BSbRLSG/0p4tmNG5DvIsioH3dUCipfly0q5uQr4HqPM="],"block_size":4096,"path":"build/4558.js"},{"block_hashes":["WBV/9+4D8wwk/HWliXd4CPoOQzyKtTjl1/WiTFbXmFA="],"block_size":4096,"path":"build/4610.js"},{"block_hashes":["Val+ip8pYc/WL2upxoWRaAcitjwH7uZuBk2hPOCb0ko=","MuDtT9P+uTf+fXf8MbWm1BF4GWFlPmLxKYvHRZn95kA=","U0GjQBDXIzmC2Rayt0iAAdNWpXFGvGaq4KXJz+h4xc8=","5TnzwPy2rV6ZsMd7zfHrJI4U50N8JFi/9ym6XmQK7uA=","IjDKIiru2P5gfFaIWRt/zXpQXyny0VC4x4TYO4Qjixk="],"block_size":4096,"path":"build/471.js"},{"block_hashes":["cpU3ihxukrV1fi5mQTLvkm7JGalGvrqOoHXC4B9BsCY=","y4CCiyP61Qw0ZMbdd060TzNiIBrDpNbw0z7ON8D2VFU="],"block_size":4096,"path":"build/4858.js"},{"block_hashes":["LGj66O3unO3iT9yrC6BuKtkGhuj+Uph/NXUZ9oDtLKo="],"block_size":4096,"path":"build/4896.js"},{"block_hashes":["OlX/GdZT3kMLU/PM3JSiUjyE2Z5q3JISSe4cETEDxyI="],"block_size":4096,"path":"build/491.js"},{"block_hashes":["PLceOOqrQhv+SEYg+W0lhlIExfjbQaALfJK7b1rL8Qw=","jOYyRh2BQdGyCD9TiVAYgGruGI+0xZu2uK1YuVJtApE="],"block_size":4096,"path":"build/5257.js"},{"block_hashes":["5JPzpTD/lP+++T68wB1RTfRGEfUHQgcNqjpmGjm1k5M=","5QYhYwHd70GpquwDyAHYLMVG+Shm1EQDEH2gHXFBUcE=","BIsHVNVuB3aXWB+EKyrgJZffkE+YInwhIWOewbUqoZo=","amQbquTe3jpmz1Mnh1B/1XatiTcaEQrkVKHNr62uKco=","BRfesKsGEFwQyjIUJ6c5/ELux+ncnwqizFcpBBK6Pok=","qAXeEH8SpBxOuvV4xvuAMa/xBAf5VdVffvWZbyHw9RU=","nfbFJYDOY2EGmqU7htktYiHopWnVvpWYFzqUU5D4NRo=","4X145uZdeanET95lkUuCNFmNjNmUlBFaS6+KEBvbTKk=","uab0wYtJs8r7J4BQYeLVu3/7oju+wntD5JR0iy7GvR0=","9aZfQvgF4PPNNPIxvNriHw7VxXGjEqsKDU+2Env2Cx0=","+j4MQEHLv1AWoHVqcW3XRJVTuEHXuASOksQ3NF8BQ8A=","pyVMP/82M/ONI+Vl8XimH2cUZ/bfdu9IDyDMTWB1M1I=","DPCGhwqKBczRtE9mFPw+SXJgVgy3cvt0766aJN4hY2E=","YGtS6rOZifJj5sZNlhJdvChUiQNaqhyvzHVkr9bPac8=","DD/u2FiqP0oOUz3gVOcyfgJYbQn1zQhldVPVYRS/jDE=","xTPesJj2717Tl1Ey0x/KWRK516U98qG9ba/C5G2NvGg=","mw3uohYWfZHTcsNSGSa29aDTvi0dfxwRbgtC3S+RsPU=","3piFtwLOrFl8PdZ1ud5paZYccoy9JIweTz2L+1ryKxM=","H7DNT14CSAq+9gzcSYx2RqBjB01ZNl45Ddcp2qpA25Y=","QGrjUtO64xk14BJRQgUcHYY9VQ31ykwGpfzf4JHSBPY=","+qyagPC3aqoBTItJI/mbY3lfkqiADsG6LcCkrhLiCUE=","KhXmnx57qmQjdyiqZlt//S4mH+xnrUzJny2skzCXs2U=","IG0b1gqqd4R00AALrTc1e6U9r8X1p0/NCWwhn0rQJWI=","C03gbddxkVZzMhPGgbHws9DA/kAMgxn0HEVV/RFPEhU=","KArtcbFblJT/b2ELYyDykl0GXtsCcWhp1dM9DvOsln8=","y9aSPpNw9JONYVLkCHdfcQLYOk0MRF4A3f7XUQuO8Es=","wP/yZWj8hQQyU9xopdcfpL7hYMuInUwTpf0YfRsJaRk=","zz/8bSMGv2q2lmx9EUzKV+GK74laYNLzrvtLN2PMVmg=","ash4Emc2t6lBe5dT1EZ2C/objufO7qZ0qcJ+YjGdrFM=","dbAfA3XFSPfaNZFn1UX5SRPxzQnJJdCyD2T2dERW5GY=","lrm8YPEY4eZlBRGV/4JZRxmfd7aTcQAw4Z9ECxRvOQs=","FtK9Bu3NUS8VzmlaPApUGi1gVY7zqCCo4Mr6EDy5uGY=","XlExfiAD+PjqZHXHFBkEjK6U1VYhREAz8WwZoRggpF4=","znPU/bcRmPl9L2WPiBjME+dGGgHQuMBIOMcU9pgCTqw=","2hbabQMWESXAZotwVkgGzWDLowR1rivxtrnW3e27qtQ=","GrsbffwByEjSsvviHtVpHw/YHAnVhHEY8CojKgEd+Lk=","SvjykswSSjuJASaKRDpw8mvb7dS9sY0DumJG3Eq4KUE=","UqGch56j0ftZV+xI18kVhejwWkIcf+JDE50dXEdtJOk=","4ef9MyZRhqUgmE+J2Y2xWNomxrUSOK7Fhd5qHAEtiMo=","X5xLgb2LoaLokGzdbmNIR9nPoi2NUQu4q5aPE6oZkHw=","nrxvTUXT1/gmGNrbwJgcliOrzM2HZGtgoTiRXptbHSM=","mJzhIzskP92QJ08G8eG+kvCjy2/4pjS7HSpsJC9jZsg=","Is1q6yeOWJyi21C21PjBw2UlM5AZJnFR7o7lwOW07wY=","oWuvHnoD4HcRvx+7xI0Qs0LBU+jOzItike0lJjHXIkA=","bGeqMGAaWByOscdS/xlH2JLNrMSwk7kJr1VXlvl1yCs=","5VJU+C1I+tBg6SLpgXFKk2qwH+xjPqZI+F+8NPc+9bc=","gmF64vHshIgd8poM5V9dZPqg/OlVgmwB42wWdVBflh8=","HCn1ylp42nGUetOhQZhpfyJwNclo2CELm+Ny+Qh4AaI=","bZSOdoRdRtPxb6snZTT62mW5hYOCMG0LRq7r44RHTL8=","bidPkgs67/M4HfAOQqeoW2I0GrewfvzukroeG4BCL8k=","RHdE4vIIrW7zvSb1Eux9zKWNkmW+qH7Xlkv/f3ncnDg=","2wwOK7ZdDLQTImGbbgoYl06Ao+GW2Q24wgtsR/c1Kyg=","nILp7w6rqMZzj5aV+dxMJwBtW2kslRjzw7lmt279nl4=","DLjAu6m72o2VSjZa/Fx235zPGImVCqjcEwaGmc5w5eA=","tb9QKfZDNbn85zREwrnmQd5HEaDCgNusw5JArG/WHTI=","ugURA1dEkgWpt1eWHIkUS03cH2OKCtJtpEoR7vqBJow=","ltfF6Ip+1iHGW5pwLzLTklTmuk3A5FjHS3/DqtWgn5c=","jO6p7nQlJ34yROuwCxSRbXc5C2LANipyjaBJGfsmdAc=","NcHqGR60sU5OfXOhIIDXOjGXXmtHqMzk1rQkszswZq0=","oNBzS6pP44jT/3Q/AkwnJYeSuPmcK6SG6jT9YVf3Q4E=","0/ZBgnXHq2owYkyFMrQFu7cEXBj3ytBssUejVX5hYUU=","/agqaN7YoF3qd0G88nzu68GLIPVRhFjuT2I8vkAvHeM=","O0Fx87U5rj7AyGyhtCiTOnUuPMlqJr06dOrUfW+3xnI=","ZGb7IcgIUnNavHJRiwG3KiyeBKRGMpdqFuKNRi3h1r0=","+OyVy3jtKDg/rnlPlZQBk+hqx+W4DTHHHuLZlaO9Yw8=","Pkur+4zS+XdiOq0i+BjhZyXdjGqLpgWGfAwnuHA1JIM=","NqfM7b79oYG9o9slCHRvBmfonxs+ht70LBLgfLxrn+k=","reD7/dXaEuRMjLArU0WdDdq6StGjEfW6QSU0siBzvXA=","ePZTgQnwE7wGljKGGiJHHPRtsiJxsGutPDZhp70iaNc=","PS8R8SpI0bse1auV5jJBG52DF3cN4M8zGOMcBy9PE/0=","Aw/s7lAH+Az6kaAJqyvrE+B4EtSlWuCftjFsa6dKU+4=","aVX9mJqAq7x+PgzqUjCweH8+A1ebXSSZNB6ZAlxkE+Q=","9b+IXVcy9FfytwXsI/DPCMGNM8ORr9o8l+6tisG9sD8=","Sp/uTAw087VVbE0wrMBmGQgjP1zpmSGMUhGZF59fjmo=","TY529Qzp6Te5VB32tZinLxRgCZ8p7BSSWlnOq9iqQ84=","zlZCtr1Q6QsfG5OdQDkgOKwEQZ/unh93q9w/sgr5baI=","xrppfYpg8+X0kgMcLf06fqe71MMpBhruUv07tUl6+P8=","c4oFoorFGpsC4uSLXGttAnAYw2fDaJvj5gY68Taa5Po=","4xtsbRGj8G0q5z+6cXWoG3Du0pzxg9+kTmLDJpHW6Sc=","GeZl93TTmZnPiFqG/my1hJur8O9hZNSzHbgGVubQb1c=","TwP+JReSL/boBj9cJao9Wtt6NaBAasQ7XLA8lWbWGv8=","vR/Rf79eFKrx7/ABy0hNeoDz7F/O6GnQBsHYgn+gtq0=","0eFte/iVQxrI5IUKlsklYRRCC6UAtR+A1Q4YsWaosUQ=","2/WIDi3yMnJnHSqO41KTWe5D5Bwd9SJlap1sSxEy/sg=","F0qZL/CMmkq9xSVz0hLcL1lp2Ur3tA3caSU5dJBfkxk=","SiqlelOY87XjNjjn8gcU1gVMZsYobzyrHNLSYG7/unk=","GDqeVEsQGnVsZ95NirF69zN+3e25LmosxsSlAHywnC8=","be7c9TPI8WXR49uJWaxKvJn40bmsxPTm7eMCq4F4qOk=","bfe4S6pAXIOrPS9cV4+2FzJZ6KnxB7SE0c1VX9KovOY=","UsjlXM6Cy9+mb43RdmkkZ+MrOSMR++oPLae34xSCplU=","JD2PwVSQi1mbFHG+NI4vOT5dcE5m9qLZ720/yn4lR8s=","glFqS0c0GUYWo3xfMZTZjtBr9QC7kxPuemx9si8/Sp4=","KXMOzvrDVGgT1z5fmtiigaZs9neURqpo5wC3QENJT1M=","o0x42S+2Fcp3qKsuF9VloqhYMtPS72leMYBeXA5PgK8=","TT665aCB1XQE/wJ12NChfK2JUCmb4L78+thvmy4/aAY=","rr43XpNjPUBAv9bnfCX+0WOdLm6oUj3NwJAfbZxK9OI=","0qfsgKmzCJKckWaJXrh3RFBDS+b9SxrCmsA6BTtG1ag=","Xkb8HZXgv6iGbIzUO2Waw7hWYo6hXhF79k1sUn33VJo=","EnrOoBar/n+qMonB2Y2RaEe0nB+iZKc9Klo/PftxBeE=","K85NV3NBc8BphQxwfVv40GgAl9ScyD4KenHJy7w92qs=","lEIeNMwGUoz10HZEIsSyP3b3jg8MiegdwFDMbfYrKlU=","ndXEEUyjZTTeWOmxADfQIeBF2tU4yjdjT85icfHh3W4=","oMS1lWMi4dtO4/FVfiKhFQ4+5Ur+TKjZPOKPRIeyQDk=","Pb7Cy4JaxyNU1XTlhQ1aK6IskX+YnjJhJzKES3JBpOQ=","mt/JgA8nzY8ADK7kA8z9KNB9yz3MHZvpISn7oUEaaOo=","HfshE0z7yz4GokTdk0bG4QKZZ/jVh5Ny5B6qrdo4rJI=","7zOGpLULclZ77yx66JEN47P8PE/x0obeYjt+bv3eqro=","5qJ3bVPvsZWpolq26a2xOzmLcXJ373gMbOe3ZckB3TA=","XqMwwrckqvvuNlY090a1IL2vIDy3Hl6RMA0jS0168jU=","OjonouctHuX5/ECIstmZe2BJHZ7zuR8S4gbpoAmqMUI=","0uuW9hmuHzuRHEyxBWZmkj8yU2AQHXnGAj1Y1XHAR68=","3Y2Tk7bLLXkgXjdDwNHxDZ8MwtlhX341rYcwnU/s3nc=","kNOvFWRYWLu2RXf4i74Z0P3JArw6kkSXKr9mdOWy/Ws=","4t8cgZXReZQdBEQqlGxf5qTHsfCwoXA49l2cLz3ZtcM=","7b6TpxRM2pMUlWM6rxf31hL/k2HbI+P3NWONSU2EGfs=","xxJa54JPzAoY4zqioP/Ttp9/B/v+oxDWz37AhiC2B7g=","01jp0NhEAvJONfsWO7UdV9KZyb8vB10A7DWd12z/1S8=","QqxuDiiRrjor5I+y3mqg1uJvjmjqrCcewFdcVlahQEY=","7n7hRf+FtKzaETRsgksBXRPNlZTO56R3EkyN7u2sZkM=","ySCE+jwKk/Gbe275MOC69MpdilF+Vs1PlwOHpmZzXME=","Tl6Yc0DDKj/JkhgJURijDoyWJkzk7jAxCudJxjmQV7I=","ahilejWxw636KxkTYXT1it/4CHsV9S/D4qPE1F6OeeU=","KL9YXpn5GB7fgNtw+IogqxdRAdRA64IqB/0DpyglUuE=","kInHyiF9f1Yo8f/Nskw5KiuV8iHDtHoJ6FqOOA72LK8=","nTh1ZQz1Z61jcv5b7cXgSiNlrwLyOrCRyKybmyvNyoc=","uZDP/P92HhnX3aOL82BFG6gK+U/eFrj3GZtWw+g3vg0=","HToD7pR/9rf5LGfr6tB9ly1rFstkeBZfKubOsDu9VNU=","sAULeAFAZCtg00jyXv1vxVK+sTwkCalX1k2PLnBgT0Y=","SpcW5wUQa71dA2xajIM71MZkR3cCgNxc0RJiE9OoMnA=","Ljqlgg68k6UwELCvb7ie01yAX3XS2uQQWMKT27YoAQ8=","AF3E8GsdkgU99PMYhltDqJMe43xMOaoyI97B4+biONU=","NJ4GpzdcJXiGT7MoXp6KOCkf7mkKI6ofR9wMFtpD4zA=","bJ6nsdKfNhnYoYKSrr1GnnuitNuvd0COFA0ukw370J0=","I3nhMLU9cThMtMV012CQTNd/tqOzdFKJqYWJyKi1E6E=","I5y9DempCsQxLpzQag8DcD1I2Hnml0AXHGbPe16uutg=","KFETvbO7HsEzp+x3waEMrwXaxT/g2S02sEzBZTcDNI0=","SKWPBv4cTinGvzbtsVfaKbZR6EDcLv7kuexymj+N5dk=","yR6Qb9LQaTQ64byiNrIXEkvJkMdCr9S9KWx/OK4Nt40=","AqzAIzVoF8WwhAS7CAj5+djJdJBf/zekzZychOeh2O8=","GMmhxMb1Hhv+F8B3l/7a7wAhhordXh3uGredOp9rszY=","hSIYeCxOVR0LQL6gtqGZAxZWYnxS5crP6NxQn7THi4k=","YisphP3MVUn+5oPiRgeaHlsdM9Wm3GJ3z/ffTaq3VPY=","1KvdEWj/s7Ak5Ov47+BIxCzN1Y3l/LG4lsOyf8DwE74=","h6VzE68tlPejmJd7viluUWBvPoLb2ar9T/T2f1GmG3Q=","un1Q1gpjhkgDQttRU8TWRTJDznQu0YMmKDrQUJQDQWg=","eUIgJBIOT/sacse7SDyTJIy2fh+pYR1vyuXyytmHTkg=","RGmT20Cepw7YUEffGaqzDyL5XTtaWpq9RcXjnEsiimg=","nzLcbc+73mIwJVKQKldQVrKBYtLgo3MV1vIffBF7Myo=","LfnjNfyZ3fz2K0OBaWkUWiAf3eB8S91zeqElNriGYnM=","PImfL/TFKPJTU55ybObblVX+CNbKYb6E/M1zt3J/TVA=","uT86+7nDv6aS5l3cjnoWnR+jJctGTwibeyw5ubtZnvk=","f3sBQNY8Llky6CO2+kw4tKrBULg9ocCMGa7V09kuES8=","k8f7p5XHh1y/DL5z0mOwTkO8LRDZraKJChwnSYePkq4=","Tuc7w5EOfG/VerLyL2333MKoZ48rQrjPggxHshaS2EI=","ZWhS+dtYkNoAw7KiX0pvEAlVf/ARYepHcf73/4dJp98=","Tp/Eq4vkAYtVkVQ1G6m9TkH/7OK8k5EDsiOJ+gD5UDk=","XPbJBi093J6E8v4XdcHovc+aA1c6lF4FaFKjJvgZ5b8=","oBDJHqkUiILWqCG/xMfzD+dmfczC2xBT7YhIjr9qzUU=","4U5f46CAa7Ij8HB3D2AEMq/52W8YObtHopqN5yEFwOk=","h0VsakBvG3Nm+oUDUsWbkzTPAyIl8+QDDyEfwNnxVuA=","bUs9BQMU00KrKl1JrkdTZ3OU//605/mxokh8ovxyT34=","JIBDvclXY9blJ/VrUPjjp7QpnjOMvakXDGeYKa3sq1Q=","HoFdUuxAxJsLIVRft3EfkRowraqtaYMs3OOh7kH7Usw=","RoC/gs+xfSKzc+XAHiiUr71Rkt693yzNEnVGfyp7nIU=","tJedUPAQncS07p6b1m9/2zauUrCjtbvq42wS9nnfNiM=","Hfq5y0kWPWR5HHIBf4/OimU5QvApeLbFqwv6Hhzv1qY=","jBGMwWQzDBEDMMVJXtMeypzl9OVOK9/0XOVUgnBvE+4=","l8Syf6VINz0mKgmcYc9KR4p+OGm/3+0iwC7AH9fdhtU=","eVsjUz/my2DoEEdeLxfTkLhH9w77+GWUZc6tHwXh0q0=","WpXCovIk+OKBGtQiG5vtJfr2lHEJu6prkJ0GYkGJY2U=","o02GWmWqw4PDvyLrDWCub+3XNbkWe8CzHGXCTxUBxxQ=","bwX+XRRlfknAXx2JXW9w9qY1DZIDGo4Seg3zCQEgevc=","XejaM/nuLK766/Ow0ufEx34DZ132j9RBGtm5nhHX2qM=","BKY3NuBtJoGUnSyFJ3f3V6SQi0LFCD7G5FUvh0PaLdU=","StJpIFdExcFR+QOHwq5rBGS1Dlb6aLneUnW/zvh4tKA=","VUzJAlmjodRitqBVq3D5WMLF0aIxH9QAnh24N5c+Ijs=","AgCrH0Pb4dKtbebRev8sflMMK6W3TPFk5s7UuKXuXJM=","U6nv4Br+GrzgytELbQNi4wTkKeT/owCsVXEGY4VvoLY=","Jsz+doKMi4GIxMd1IjkBGxUU9SKLtWMySSOPT5nRLCY=","srhhSsP7alehTl8xGzaooyTnA0z9Y9FKSlG0j4BHc2E=","vAclNuLeEGGstlRilIE6ZL4bdl4MV8QWGUl1ssbnMb0=","jwD1gFFD7FmsqQr/pOjjtOLbbIM9ZnFeNlTVoIMaAfg=","8wl+exvONZcqXRg/HQyJeFfepw2L8KSY7kPsD7D4g6c=","i6XsNfd2yK5qajCg+zsrQh5UsmSvew7rQO826N6crqk=","Zu4Jnw1DazQ77N5vKcEnIBdqV6TYRoQEsxP8j/EFX1w=","uc0b7fnz6jCfLfl2iDMZ8y8JWsye3tYAjAkCf51jFLA=","Mt4lnbZBo0LWsH2fjJo376bnFOtXhzguOUbL4vShPYI=","3+I5sYcDAlMjYTCyC1EiZYI8oBUDPZ54oD9fF5BBdbc=","CyS+zRa4f+Y1XtNloxj3Jc0EhSrqtoYTkkftQgR+Vtc=","fmcey625QRm/ZodTuWguYotMA2G0+XNlOg7s0XvoxQI=","Z52gVIIY3aKq9UYzQIQBLdRdFPoC7pZfNr+4+i+nrCM=","FdY/2DYi+57Vgpyte7u3xyJIyMV2ZaKWam7cqlNW7w8=","s4wV+BWxq6AAAHeF63FqlRIJV5gJhqElO6CuAzyJCvo=","uDkcPFGYY+a1R9VHQmUNPjSwF+0I+pI73kIVd/vLwXk=","w7+BMmXnZk0fVjt3ksJ2aBh/ulMc6azJi61wXkVXnZE=","9tse6yoHFoHaZobRHM/y0bYPbpxDBbmyDZzaXy7oXtg=","Iun63esU17IrEZoj7b27GOiqowKKS+ccVX6Iqtx6mc8=","In5Wk8L/1oFTGIBLFnUWVTQB8KNctgcECxwFkkzoqPU=","BPXsPXjNSkqIZHqiGfAR6mEoisoSIDThwCAUPiO9zm4=","zlMX+kB5pe8sYoqq4tBHVy5xOw4Af7p4/gmEDmFNS+k=","b/hVeI2MY7ZjDWmAuVHJZg7hY+Bht3IMEP4+R4L5Pms=","nmprSCpt0I7Qq2vJOYnFsVV8yamvQomDLyrnticVMcA=","W4f7z0t53h59e/EAkJ2hlFTHCB9eisdtP9bQH26w8os=","N0SCXqFZFS0/0gkkN2cTWzwYmt6dELZKqAUQWiIr0YY=","JbcLlZ6JY/KKw2EC+DJ/73ZtZeawYefvG357wmsSOno=","8js/pecaipNobPLZx44XRxafAVR3WqVtx83DufMlmZ0=","+0DjYkmS22gbJLRlHMIIAlisNUEz0YeBdDUgHX44aQc=","cjQgmEg+V57RcMRAEDnNH4L1ZY5lwtePZe7bTiRo8KY=","vgEx4UN5t0+32KPusdNnPt02WjBGPCQyzh88rBHB/VA=","UkQRwSk1Su5sd6cMovi8cDBeUgbH0m/MKKEIJqbpQkI=","xC9ha8bpZx7B7ch0Vx6Rqgu9me1AkUgQAoDmupZ1pmg=","hpI0Gba2yg6zmawKqhe4v3Ms2OFOERqRGU34zT299ts=","Q38igEMdDav0GOshLBbBkxgvWIQJ/i5sgwvryYbdtHY=","xfd+y4dXbhGIrq90o+/zS3hFUYJ31zCSyY00hQX6Z6A=","JwKT3TTIMvAy5Rt1ssyjLBf9KZ3oHhKY5bOTxoYVgyE=","8nYpVIv+fsPj/bx3QTNSHC4Cliu1IwsA//58JHydeyU=","GaCrtANc2Q3GY3Qas8yNgGjlSMRKvGaIgl9B3AmC96A=","RxF5s+mckA20Rn4/xoSBrzN2MuTmxMhrmRsa8yTwH+Y=","afY253kf4I7PPjYeUDA9SFV7ap5lYkV0MO4zPnMwGz8=","t2F957K4ySpHsM+5cWal8kJuDH9CnKXxAbXXLGqFglc=","JBSjhnd0oyB1g/K1bGzKpajEVX4kvrOz8xjnnt7K/KU=","hzpO58FhNJ2ePIXNAExJYkSgMURE/wS+bRBvMQZ8gwc=","UX27lsYn4ONamAMkDQWmIO3kOGrhfeu+BqzViP+g2As=","fbHXPvRupdxseGt+wIRcEACoPLFkLX/oXq5ivM1JJCI=","60obmIyP4RpL7lVr/yYcM/fnPYMb8hjTxLxCpnPtq4k=","vvPmP/7pzy6+mEJkw00jVaJn83O63NwZ9xhubVSimdY=","JPKJVKScnmyWKL/TDuopESryBjo6o99m1ZO+mvDRVME=","kNJIMMbIYidfOBE4kKNsUCyUVWUnXhP/Jsgt66wm7iA=","dDpuU79BKGQEupzl15B81XK/e/6poSRi3RWe41mZU/c=","Pob4eMy8M5qX53l2g6DA+F5znMfSMIih9Q6Iq7dE0jE=","Gjf2DchfhXJQyYqntytNA9PX2S65VwiCm9JjNtQV0/4=","d/SpH/mpiC9Z2xEC/kbKpKcC+35MBL1C3VKdvBHLuVI=","v5wTC6lPIVP/6J4WczT3cZRpejgV4OFRAv64M7eGk64=","wFpSKEOe1hjjygyujKIh8eXWXF8aX621FCPb0wQ4K+w=","6ow91r5RbxCquIc6iAZLF8g80oDCv6ck6Q4GVRyTB4I=","Pwr4TUuZGHQLV/wPYzA5eFb4Hh9uxWiocYCvVYI0c04=","WjguU9Jh2h0xgm3/zCzV2Q+d4sFhQrNr3YB6sH2ruMw=","mp57atnnk8pm5A0DTdD4kZyB1qr3PC6GusJleDw9IFk=","NnDF7dC8KHZ0hSwTqxyEHVeGcd+F0O5L6TWDGB9Z3pQ=","YiAr8mwEt+EK/IdyprIJgC0LRpAPxSdL8B0ZAiINrY4=","YRkqwwo9rJfn8ia5k79oh2GyITB+zkyAKP9ZCf6ktVo=","+OK/OLYXOD1/o6j0cm+Y7BSov6Ui6bCIQZ2fxv8VFAg=","kFIZAfr2U0toKIahuLhP45nBV9AuAxTX6o+0AZ43QTk=","MDBX/oA7bXEftSJOBipHECYu5YPLVixqX1SYc0tm79I=","qDVwK+DInYSzat1CxRTr0Im8GPvLiw8qbToSpMCNh84=","sBQfTUezzxs9CvaFWn4RltdsiIxMmIU04qZsrSNPI3I=","/yUJrqHIw+ITf5nIDihfaDjEW8cdlCnstm3u59QLfyo=","Q2vXXCmFnbD/zg9uB5mvhRU+Mgxi1f6i7XuPxT7UdjE=","aRx5ANRbkZjocxRf4wZUJJnc1BqDNL0uqm2hMa8Ze9o=","Yg2OnOz2OQVxsSzwtdcomFL/MuC8FCuMChHywSUIR6c=","S2QEGrv4xtGVlfj2HeGjzP/5+cLWgYvCi8jGKfIr7cw=","H/eER3LCSiqarwhAy+kuc1q1+Zyw1J7CWf+K52CUKGs=","eGTrEEC4QogHQow7Rp+89o2hfQXMou0RNe9BtPrmhsw=","5FbliRxeqGl0+yVTBJYnj3KoPGbA67Z9g/T6DLJG/KA=","PitktAsFCHn4SunRcf/COfTneDQo/UFGV7DeRQNpSDI=","Bxaesgz4NlGQPzfwyIlpfsTwJKP5ShQCYzOTqn6djfo=","/x66OUfMiVFhb6dOt9db5ZmnvaCPN70w3gBGq3YJOcU=","U8akcjHa5/YunqRdurcQzWYPWkHGcO/AnmzYknxKd9k=","nTHxAdWeCNLJWSpbDATUH5juFE/gMOXTdq9JN97ZcYQ=","l5DAvVLWRUBx0kr5buWj+2GwiGWSdhmpMSR3FA2uYtc=","BRSHSQc/c9IJJ/HGgRxFojdgA/C4Zq7xmxEVJ4uNnTQ=","kKOh5Mz56h8fU25cI2sNWtSN5RtNZDfmZze1y3+YPBs=","HenJk7dxNbhuHi4cN70/8Kln1tzHpPQnk/Ghk+F4P78=","+o9N9871e02C82NPWdKhYbaxJNZHamz18Cbfpdu6DJE=","adUAwfcc+coCo3wckolwR09GVSDskWHIdYCySZAbLvg=","9eTxtgoiuU3BcmTjle+uh6sN1cRPpNovaZ731qvERMk=","4cx4hYgaw88lMQpGnAsyN2nPyguJ0Uu4QLh7jVr5eOs=","H67G3yhPrKyPPLy/9ErELxw32H4QY5wTwsqdOSA+pHE=","WcKQ0rG07+pBGJ5RfjKu9Lx9TfUMZ0PrPCS+45GmzxM=","F6VurchHrIrJyGaGb+L3Y2XFuoQzRCXyvEPCJme4a3g=","DEdh8Kju+AWwn8KpflRiO1TuFFM77cLjA++OLfxj2CM=","Zft+Uxi0S4baY6VrFPT3jcxkyAYVYPqq94epFhQQN3s=","kNBRRf3P5LNBRDB9jlvNEU6Gy5+Fc+Z7pyR1anIE3yc=","zhVUXSFO0QjOlvUAkn52L7octG2Ru0HsVEahj5l70ss=","DB6cA3OMixgsyFqchTsL6LMPv5uZ69LQLRjT5jB2dEU=","d3YA/3BxGRJf2OVd/W3Q+Y+2Hi3ZxECPXOUAbj4Xlok=","PF22uQ1ardaxTt8AOAisCACXc5BMzZ+ZzzJqZmViu3E=","/s277mzSuVbRqEBrEKiBdSPdy6Q6vAxc42YCo68rUG4=","k73Rk1E2gWIZlPnMzSa7HS1ePdnkPfps+g3smncqheE=","ceVT6VAsjcHRWhX9YFxRT3oKedSrtdWjj7w09RrOvoo=","nrU2DQp981pKo+5gSkYnAmAt944Zbpr+MB3KS7iDMGg=","1SD+SjPRsYidC1HdX8huqxOzX2aIz18GNXk4xw3EUpg=","7YRW73MMnI9JYkETilEwdxnlfI5sFSrtiarF3/A8DsQ=","/G+eTehGoro80wuTAXrAAv8rBQbcn3f5sL1Rz+iMxLw=","Ls0xlF2MWtzWm/tK1Apfjy6L3kYJOQ6N3JiXLibi3E8=","10KHZSKPicPClZCxqjkjA4N95S37jtl0bFBhhadVfA0=","hH+LMK6ci4Mz7BKjbY+E1V2zUVPjsO9Qa5KBuDUNQn0=","6EP+7wMNPwu31vhOgCbb4NYysaIkRs4bIZcfH3aZG5Q=","ACoZE+PF2SgoqpRxe+8yip2/ddgUsjArDNhM0bfPACE=","AXgxVfWsVcn4e6lA8WPepNUQjcL7iUJHyDOz79teTr8=","KACut6KuTO6BBKCksZp3WrM2SuYulpo3LprzzSg3nz0=","/8W74k1B+P8RROUFSOB0QMojWmZMDsQlkWrWCCKldGs=","9si1Nh3qfLT0SnkGU8HtcOgHC++vIngbXEw6EJ+dUT8=","TUqpmhDQRkFkRVaRGhtvHZln3mURI0gowOW7J5FSPJU=","9f4kIT7Dq2Rh6JM7JOkgcSNJifs+KyaJe5SHXBTRxQs=","As14L/NorSsIKqZ1SatCCFPo6thvAkOGreiXPHz2q3o=","ZuGFWNQlazTy/oRr3M4itky7asIPNFw3DD4v+8ieJ2I=","saZOE+e/Add9017x6u4v06nLCTOkXNoA7VWvMl7yG98=","OMGctSUDkmc3PUonAvuqRGEn/Mer5qmzp/lEVMxKMkM=","+Cq8slOiRbvYzseLbOSpO+dR9V8xv511qQOb1kXXY80=","l9/2uAg/j71gl5YlWZVaqrVfm/s7Bg18xR68psMleFU=","u+OqcYmIgnGlkjiosgQHjy1qiKvqq6AfEbLYDReygn0=","9yNhXWMM6l9U7V1fjdAP8k12Uh1qc5oh5aaGMpPA2Ik=","fpVUDeZfbTj4a5Vflb0E4REkAvfqOymcgvBAzBkctzM=","5GXbSHv7FR5DHaghY42P5K4zvuednYsqwHfozaXvyWA=","P227Fs+TEUouhzW0c/i/SATWDXc9WPni+A8OcRhqOg4=","bOspUqPUTgx+X1s3AHtU+55eGXMORror9dSNPLX5AWo=","t3WcyY2yRk314Hhbu1EKIL2n764+CZ2sGeqxbjnrPTg=","dd/TH+Eap0dSHRw0Pmj4Xdkk+14N6YgzRAZuMqs2h20=","XweL+om5UV9LQr2dCjkCV+9Fhs/znIueVpbzRCFF+ds=","g4j1rjdOmNf5UILEqfjDj1g86/v+EFrUt8O4XPivXN8=","TNIDsa9d/R0pS2mq7k/pEE0p6TxV8FlSPYHt6K2ECoQ=","X1YJfMqGHH1Z48tusmFzfYfoH8Ge9rXTdZuVM9cTkXI=","Lo0uMzFWOfnxQJQT7fllnpI114OqKwvqxx4t7YFMVys=","qmZeFlwtsSUXAU0lEqevqVjh/yW4/nOilzmuJM/vgpo=","x0LeELfrHWyln7fkixmNxpniM+NNN7p3x7xK8HAYaX4=","6PobGlYHyX7kiJYK5prAA55nLSZr++tv3WnmtSd1b9Q=","my2ec3Zt3+no8eusLYX9ZDM95PQ+FSh8QSuqbYS9dB0=","H9MecQbvC5GhRYKEi60z4WeH9MnJ6BAOrB5QuNr0yt8=","GCr9Y97wZx1pXkzAx8XNXQSs8qbvMTmeiZYd1J4JTC8=","p+/dPpQzWXkQ/HO6f0axvdhJPaHr68551zK/rNaVmtE=","wbmpLH151dWq4FWuu6SDRvT9YPnFpBsRls5WGlZQ89c=","tsqSc/1lUOCSfFY1Bj99S+Jalyq6x7CUNCaqkuxDcJE=","HKcTK08oY15WdhAb8q+bdSrL0IcDViVMyj1PYqKb40Q=","Z2w/j34T99dIAzLcdhoMDgP+0OoKW8Jx9YyU0Ev91aQ=","r17QwJb/l+F5ynGmKSWeASzdtBMn/S1UBVR3aEBfNik=","q8ecxefbxtPJxNHoDxb1zlsDOOfnw7Y99S65OfQoG4Q=","HpJ6jh42gaER1Dtq9m7sGy6qy7M15tLs/cEJMSC9jwI=","P3fd59KmWydkxccRQWYaKX7Nb0VDK5B8MYuZvYb6ZVk=","3fYm3A2KHagvcYpTb2xU7NB8noyp0mfgtolHkZ0QMpI=","B5tpOYh7g06wrm4LOg5odqeCVgrPrM757zpezb+dPX4=","SIMaDby1Y5+CyMiCp2hkRYw3Ozqe8znUq7Y/XYj+aAU=","26zmeyMvoFXF00aHhssahuF2YBldAB4uOeDAT1XGFzw=","44tTzqNsl4CBWv8ddBZM9V3Z9fKRkEX9nUJ9DZj3wKA=","w3m/a4Wdwk8a2rqBBj19OsTQp1nxy1FKJahKFZApmHY=","gBbDssqJKlwYUw4orQFFLwYrO7T6u8J99dvBuX0W+wI=","qSxrcLiC/LZot8rQMVurTnyElplTgbnuFc/D1CVO5vs=","TGfiGBtlKAdA8hlHCj572BdWI1DSkixBdeG0QjrBr/o=","C0gqmXVAUDwn8Vru8Mh8ULptGGgxNGxzjPJzfCkU+so=","6WiVkPHe5jRIJpoVCLL5rTo1o762ggBVepqbmTNlnBU=","xchB8dYiEEcswHN49sMHyMygP2cnNPe4DOC195Ra/g0=","UOEOxHt7xU5sin577f6eeKz6Je8plnbeX9sGDkY3BjU=","+NlwCN0Co76UZKL1fV2aCW+98HTWlGa8q7DOC5Q5FJk=","14c+zR5PPje0wxl1TP3dd+RdzUwT3yz5EIP7bk3YK5E=","hKG3DpVBXn7I79rFpWeaxUAWyEvDZ3ysL/7t5KH3ur4=","Uk7Qg2FxeacYjnIVvFWbqiUOjZeZNV0Ys6pPoIpJ8kI=","KVgcNgef6Dv6JQfprjb7Bp7rARuaGWEUXGd7WO1BPmE=","bG3VUbqN22VO9y1rfvPWs0TY0I5Zoec8o46FZID5u3I=","w3/pIrkTWo+H2gyE2+kqXOOiwoIIfKY/kenquGaaUZs=","wCAxrkre/o7j5lv5RKAtPWVvI3/MwvEUJ+kwS5fB3HM=","S6BJgsbrpteU1v7ohfH6R+IfKw1eMXzWfwH61R4MUHc=","ZGRmcTNasChg0MS5g68fsKuYakay7RGcbXouVmSQsvw=","HTZRLFiQXmXQ3rlydhrPvSICMV3z9BirqN89mRZXs4o=","fBVE5wskYBD2QY06pHTz2PBbNgokEfFpBUkT5vOWmhY=","sEjnb1CwYrOO62ZuhUlKNWkUb1OMnGWSFq1v3pyCEM0=","5u/lhAmryMKIuIAy04SGkQ4bLnpuda+o390uKFbOQ9Q=","Quw+tVKhreiAyOoirNJjVKD7p2SD0ISFuqkjddDDBUE=","0k+C5SYahputhudMk2vdjRovKS3jDSUb2cd3jzWi8iY=","vI7Vp1wB7o7MqsHKBv8l3/3tpS9OssdpGrsg5XY1MAo=","JT+w3oy0tlqmQ3dBEYbNjx8mYGvEQuip4FijkJVVsj0=","NZ5jufSsFf0SIS1cwq/GUEPxjLoLreuUCKRx1Fg1BWw=","r6iynTHrd8bf76R4oKL53iGZM3NtoXYCGmSCgLtfsfM=","JwI8NfV8ONg3pBvYTjn/JRjCowT7jAKLxULF32DJQ+Y=","OfKk3R+XoHM8vW9MGCq9plRlS3vHlBc65cVRrCjtbzQ=","SDGzr1WR9++VeQF4gAzIWzGQBRKf4LVXMg2T4vthZew=","lQPKeKZEVtjs4eIMzXp6pkZVhVROLFjViKGjYa5ZvdI=","pt3AMzrcITUu8v+tJaqh4MZRlgrrGcpQAZX9wnnH4rE=","1AHdjS6YWirovMGk57f33ViwA4PiZ4YQOv/y16w6cq4=","O9OrrTCU2YX7+6Iw7vb5VGP9Q3rojXMvRf21MFz/kGQ=","4MGm04fufIZcCNtb3SfPGy8jIBPZtwriUeZN99BQyyo=","gKdEGbbrv0vyulq1ugnuUYFY28ZBEUm/Ve7Zy98fGAw=","xzLN3ZW+m6kddEoul0h1UIM4YVzJDRZGaw/6XcOJ5qU=","uXNw9CgeyVq/Uu1pduAFIKT/s/w8SWXgM9nyDBaxEQ0=","lPi+q2WCvHO+gDnPnDOSDwl9ho48wSYVvWHB4q/2AsI=","ZF0Awq00ybehSyjwkGqvkbWHvvoNGNareGq1KQ2eyZs=","zdkPffhr+wDtKql1YJqGaGWprgLs7p7YOfggo2UZEq4=","uHWI09z1oytvKyUhvmW9IHJAcWQRkm/ROlWpnSNPhKU=","dbpT1aTHmqFmMebKkVeJEmg8/z8lKlP3LMWVJAr50Yw=","tNdSp8gd6dOrajckMXPzlkpTQx50Lw3J8lWBaoP19tU=","snBx8d4Y8YAL5njWrG8RYtR1B+dWfM65XyYCGGys7XQ=","VWp9GhsExPLAGvsIbA8FcFrpwrQb9x+zitwiurrEoNU=","/c0MGVJFlTCIpWKCj9UYvax2MXmwN+baBIxgoVLaZHU=","SeM3P0I3Fm7TQahOZYl9B88pQXiTX3g4/XbHH4tUhjc=","ilOKL/HlkkDc1eV9bODXFz724DldKjZyMr65Oj5rwQU=","6xD846WP5AEl77Ezv8ilEaxnEOsO/nVLDhtmZ2sG/1s=","B4BSVJgtFsaD5ligG95mVnjOqjDCukWegxjhznW1n3Y=","2ovV8wjDXstr568VsOM+IFhkn6bqpXLr4XSmlmXJvac=","WaZ9f9Kz/Dc9Q0FUhfAOqZxlbGOxVnK5qumwgE3T2pQ=","tUCr4kpD3mhKwLEfty7WRHOevnl0Lllag9PV4WJXmC4=","3nto7aU0Rz+9PfhKCc2T8iEUalfZokTG68zwC9VyyUw=","yDWOslc+Y08CCwyOwG6gthCLwq+2wwcEmJ8rsbk8z4o=","jCfXnCq9oH0Na8lAJSmjxcL7Gnhvqw4I3FT/tutxda4=","qoBJ+/AQVSQVdAeCTxlpzV4juyUZNEdWgjHlqgMzeMI=","kOfoUDM7LokTCPmqt1lgITrjuI4iNOmuLIBp5LOXSS4=","mVlI6oEnmfmc7J4UuAnK2svVUFWjyd/M0ERS9FiGhjM=","Dz17tJXsNg3aovzBqcUkL3KVqDuv7XKiSlFpaF3yc7Y=","76yBrAigraAvcOjwNXYlasrDbCHPXAwRR0nyUEKAt9E=","deIxEmH2+FPFZ+OCV1AuyHpoDB9Z4fufvSzzAxToOcY=","j4NhNs64CNnRn0Rx1RoadtZOXU0yN/Fa9TxQYpuGwgg=","amMYWVoj8tqZLRf9txme4HT0yrE/SjVgoY+9SPJ9hR8=","nXGR/UFv5EP3UoJ5Wyylo9sOnRea86lDoMhCcVgP9iQ=","047MJgWUrPLEhQQtrFBACNOOWd7/CHGYS4R7u3cflGE=","PjmJ+oGbYT/7STgTcP3tXPEPS4fYkTlTnKAgXC87MaE=","rmo3x5AL9rRK/qMy9sI6reAqw8431/uQpzM+MQsHzUw=","vUxjSoWnWpRW1PMSzuE7ukrKFQO/SrDN+TOMbkwLgH8=","Jzf+OSTqQugHq3e5OAJPlFheclt0hlEEfvqKlC8GLz8=","iJQAejEikoG08QRT5os9wAxOGGVwslNZ9HsFtyhfXg4=","cxLbfKkf2dkWiRLUNNWuyOp0b00bh0cHNVbNyJ9k2Hk=","RZvEx2UXS5x4ibCaz/EURK+G5SnrSEzpmZdQ6o/ob3s=","mJfR7273kUCql1V1+DYpbRlled4fku1iPZHAK2zkLNw=","x4XB0Vs1r+Mik+lmOqUhV0rnSS6zM3LexJNr/oCN2o0=","JOiXToGsz2eNqqqgc3XnfZXuiHFq/2dRDSqX0KaBN4M=","2j3BJNCcyfP1c0t2ITGsLx65HIvvrO+YB+QFaGkVvtk=","GKIoAIH9yW09Xohjr8g8WSUnCay8RbsvqJpzzyRlTwE=","BdqpznsFXBTihEqXWj5WqnUQ8+phfOlRWeu2LVmlJxM=","imo7nVAjdtyt5feP2X85EdHaT44VJF/uDxHsaMrVusU=","gXw9pbl+FH1/dFtuuoSuEETIjc3y4I5JqkyR2E4RS/4=","01K9Rt6wrEotXDvNkuJ8yBYo1uI0jV0BG/wZKT3EO0M=","Xjy+qN89ZcSsxP3feZ21/F5ru2SedA0Iw5NqB4PmKHg=","XsozrH6dNwe1YxAN1x3F35h2/TLSdJCU2Coczl6OvUQ=","IrDHPIa18B+1OkIcFqLV7RbjJC8Cyz4idGKbnDzuoMI=","5TrpUq51nIfC6ae68xqFvsJUuHzf0iULkp2nUUOCBEo=","tjYv9d/AAwfg+9fxx46hJyN1MIfNZ5YKMWR+7PULr2s=","1dYZljg6Q4nVOlRHMDVyYyMgsR8lAO+8OmzG3QL0yCM=","xlS2/lD3SG+evfSRnvGnci09ZD67zT12Afvxjsq9ylI=","9n74ttFMG/hAl3M9BtYKYCfqrumoVkWVd0YE25a+8ng=","yEKvkYwx7ig6s8rLo4XUd1a33sWXgk24M0Ds7SlQSsY=","OWe3+Fn3Df0NIy0TMQCGX8J8bgUZWRGp0+mVMu360tw=","fyj7oF2/fVwpnucEE36+aDsmMtuoxmxWMiLuBw7bmh4=","1Lr6B8onSxzP2mJvG8U/lLVpk7y56XQDuyleUYpHdpI=","orZzvjUHIYfq/TCpwB8BzxyFuaSG1jU+2yq2is1VVEg=","UE7WMmftyvh+ZWFGA7yjWtXAmDMjJ4mI6RIaA2s9aHo=","jz5Wf0OSSoC71pd1T+lKsrz26Y/4PXBDrL0S0CKKWIU=","Ss2zWLWJYZt+AGEkdJQ/R38ArYtjFgRpoDmwoQVsyU0=","UPoZsdLjtKwtNKBXeqPXw5UWYFSPPChPsB5xbOqZc8M=","LT2Qsb0NenkU5rQHTrAQAWwcqumAD3Lq6zVzTKdppOs=","eLwuMzOukfgsS39uZzrNMc5VMKb6hL90Ux8jrIibDyg=","mxC8Rd60F9e7McnPBPy3ybUGS2LjLSwkx6Ud223Jy/M=","1XGfEQPjaM2RWPuO6NhaCmeWBYVpVu6sSSVwv143KOc=","lXdmOqiT3A+OPWmU9cq/P2EXgewmwO4FPTr7p2s1MV4=","DOWWou4bhEJQBv1FqZf4bsWDfG15Z2RUlz9+GBgplJI=","8iiQ7lg1828ca+WWq/LU87RkkbUXRsklAInAVkE2LGk=","2aA9PHzr0/5axOuXjaj9stv51i1p47mFM1GU0Sh6HVE=","g5jnPO0qsWo/Csk+FhT2efsSM9IrezDrVKLckUT6jcg=","Fy59PkfvUjO9nQGUx2oCNmqz659QBC1JvUpZPOWJ7ic=","H7ds32RF71V1fMpJgvbhSfIRZ9XHMAfhbRHoSvbvnl4=","hvFfP4uNaSSfhHbOGWjEZiF0CkNwTBa5bIYjGwvfGM0=","JNHw21Amj6zzc2Ys5AgMoFXIS0IJ9XssnRK+4g6aNwU=","K50hG6/GjeQm+ZfSrmZaF1ZM+CH462Em396FM9tcyrY=","6DAFyp1VAYJgGuTzsAbYSWBwdEKBEDwd/kJ0OfAo7ZM=","KwSVEOuASO+BAYtwx1dRX0qqri/kvj2hzV2G+3zALiA=","uL8hJix/10i+7EseznBtYfULMOz/S+4Hw0KrLDIBB/U=","D9wJ292pjSeRD/W6kK9FpWi0Jz4RxkV091PoRLJigdE=","3XqiMidsrr52rxoB6rlAMq2aXkhp0dWkUYDP6DBv4HE=","qsiBMNmg2qmdXxgG6PvR/TD0MUuR2oXUl+E/UcwWpE8=","cP2qCWpmpZYxeVuEqfwiduEE91vcD/pynWDwxzhdvOU=","ts45bDQv1B7SuTbE2/L5Y+FNtQN319Nay6hSmNGy1ms=","NaD5PXipUt033FGelo1mDJfgg5dxFWcF/KpY1Z9Ne5w=","a/iqNhetuIwSfyTKeuEaQW5ccmUPvPT/2DdmF1dkVOY=","zc9xCuAgzCel/fklT1Iw0Tsdeteu/N9KJXefYK4MqB0=","YJg4eysuPVt3wOD7/GF2b0EYnlZg7x09aqSz5qrvYZ0=","Ww9jGHTgceT7rRD6RpLJKR2xQirZyqKXzfDLTg9BJic=","Bv+PXLyivsJBL9bYU4Ok0TKmUH0ran6cXj4neydXDfU=","Ox7C+VZvE+fSEsHVkTyv9weeHPWQMhL0MEDsfwJfEHA=","1Dph03SsaMX/b5Tg0hO8DSLjbMwffcpXUjle74Rppgs=","Icg0zU0gtCkLGKBQsmtNTNC65/VCh+pf6okcOjMd1JY=","LtcsWyzmiMBOarf4HamBXeXkk50J0/RY25AclGTDjpA=","ZoAFpFq3hgRwTmezL1PE7PWzZV6YRcCb6t4h2Sqb6aw=","jyii0bC3EG1MY4Lw5uD//X6mJ7d8wdwcG15P6k/w1rI=","xHgfamSuwt95ibej4KCmYt0yiIwDNdqdoPXOiN0TJps=","vs3oYRnFxZ91mXQD1baMWf4JKDT0Fhs85ipdo97A/ko=","HWeay4hIWdUmF6VTY+OMuOzYF/LeFn1Y6TUNk3KhlOQ=","+x5eQdbitX7+FU03Sh5J/d5GuoQvw0YB1KwkJ3mabss=","bSnV6OQb1BbkOlGzAEeaR31eYg9olh/4Cq9Mjy9WA0A=","uKXDCmevEDkHzAMjisdISHaJQ4bOglTQ3bOwRFyNeWs=","n1x5tvKBmYgbvytOo9Ouj29TTHRFRYM3/ASwKqFnLHY=","+VZk0oCR0lSc/o1cbrYOKXOhICCoUUYDtZyH2GifP/s=","/UAM1zN7SRm9AwzCAIhp27EBWJbpjnoYXtJPaMJUTYo=","5QkLKfgq8Et85kuoTd2vomboz+xyLCPkku2wpJOOGsI=","xOxjZan6s96L+/HqdYkzXMTWnq0sXngG88yCzRBBfVM=","3NrZnxLHiGmXhxNP40ZhHw7eEwYNe80RVTDy2+e2Gl4=","W/SFh3MkI5CTBr7ro96eQOFIav9Wv0YJn0N2xQ6adcs=","0PWMI6X+4p52odbCL8W005HguMeyL7oXj4RNMZOzQY0=","kpKlUoZCuPMP8YrHDtrVgQ1ST8xE69QZUa9/sDkxGo8=","bTkMtxRHl+paBZZpjyl52+hHBzlvFeQF2d9aql3T6LA=","B93C/u0kLuVdV/ka3OGIUwWmdQhtMhzohKPdCq7jQAg=","Y0Lje5vkJRdx/VtnsmAIe+hNylgcDHcEXyzw4TCGcAI=","RP9s+QA4cK7sdtmfz2bXTYqJJxBqDJR88w9YFhlbATU=","95HIlBvehmp1yRo/ItLj1YVMy7bZyMJ6McxLr5XgKrs=","u0Jhmg060mvT8MJiADaj31vsYtPtHKSEfeAm+Xpequg=","18zPvDfceFLOXotjE4KJy3hoLFIit31rI+f24HGNGJ8=","AsPLrmYDtuUqgU9f4B4gpo16mVx1ufCG6dJw6xWb6Ng=","14KerWCgEGGZLUUp+0EQig1FTwkLxHkU9LMCG5xCeYI=","hmLXH/kreWROEo4MhC+CuzVXdRymxD+BnZo1izeoHO4=","x/onFyAko+sSxqPHpXRURebisUY0JtEZxD34bS7hxFY=","EzTd7TWcVlGtgAy3a2yu2NjUT1Yzfppudt1kS4WL00M=","j9SZN3v9LeoBZtyNiLghm+Ye15CU5P68kn3wyg2iwW8=","AShOS3MMw6XDAwn2u/knmCgFCAHY5ssBTBjETwKqaFc=","pFxrp6zvuhD2u/rq+B/no0fej8A+r+Y2z8Zlxa7A0Aw=","fVRedRwXwq4X5JgPqkPBB/9lZYeRTX5CDXtb3qQOdZs=","2z8uOloNgxC9V3o7mVO2nq9ENLVif8GgnarbdXQC55A=","kH/q3bT1mEtxQFV/3bsZcLNjpI3+1vNM5A/5NvN0xPU=","jnxZg8cyW6T9OjalOLQsQlA+Q6udH1NAisG7m5SdvLk=","LsvRP7oCsMdwkqQFwnPbooBvONJj5qooRdV2c7Xl0ag=","R49AOTC4Hsw3uq6Z643yf1zRARvFG0czOLNm4dXC7VQ=","MXXih+ScDAfeYCOQqXb9EO7REcq2NsGA9Km1Tio58ms=","LQPWPk6L4Fx+eX9hOvV1iwwybvxxfdbadnzAgd6Gy1Y=","YX8rwl+UN/3le6DNLRl7v7lC+P6ISbMBdfo5fd4S/Co=","sFmFI4CWOxikZQW+WEolmyAiCRrsbWyYC+bXgbsafbE=","y+H/ErRyyc7U37Uv1JimfKXXSev499Mq6aKPuKcd21k=","VrkNcKtIH41smFXrIC5pIfUa212eWO23pg9s3BQWexQ=","WpTAJKwWgajs68Co/bFkldpOCIYaj7+oJpvbsaHrH9c=","pVLQ/TKJ5PT70zFlDj5z4U/SdcA8vRsn0gzSAxHWp5A=","d3qpgaDCqVIO1CSujz/e53FNkacg8xxXVIYCKVG8so4=","CZFNQG1keRXqXKLAtS9xoPw5Hi142GQhaRiHqo/6+2E=","BjAHq2GUbjR9U0NpTbvPPEwfVF/JVNhgjYqaBxYeqQw=","HvoLoforOeQwr9SDwZ2sfsJrtcxj4I5R0mDNsTMv9Lw=","g9O7zfu3/WrXzYoyzBPZZAlq1yVbsZh1bqcP+S2j590=","xJUm30wUnLt1mcho3MMADJdtkBvoXIF7haRnNSzLkAw=","s97qwEcSDqcWmT0W3bm3iSweFipeYJKhhLB80b1lm4U=","dA9PgFvaiNTBOsMjrCSuWMNbP0Tw+gQNJ+7ApK8WBeQ=","6t03e8hMphR/LMHZ//hltl0VHcRtvwueNJdvvN7dewg=","h3Gx2rGrARYZa2Rr80sIAVOwhQd0ME8FAnXuhGZAj7Y=","sgVuRDWBHaWAtmLThd2Cgxb7D3kUo7A0suK+550J14U=","jQSa1YziaJ8sCXsmgxjZk3lrGws8T4ME3ZlKVjte+vA=","2T+BF1706Ie3+KdkNSyhW+MucoAVXv+49TVYPk/mB4g=","9t1HFZ4l27xcOMfQ76CzyK5mcedIOqztjajVO/mgEoM=","fK8HxSygQKWBYyBKux8/JLeOQmaMoBOH9ah9HTE+PIc=","GHJ3EBQOWJvUr0mSq8qb4hBssq1tDWvoUYqRNs9Whn0=","wjyf7GI37bcBTVX3rZs8SiNBTIwrfnqloZIGGcMJMsc=","SaZBIrC/SvCMgAlsypQv15RC6obQ0nVZ/ebvTsdIxmk=","DbmmuJY9RZfVBYoBVlr0RJw832idX70iFuXJuwyTJ7o=","PNMteRGc003kZxuNpqOQJB3I7MA9wArH4OHeVIsd/Z4=","IEiuA5Lk3uxy+OmMT0CfiqifYgSA3Zo6llOfUCb9zdE=","+61sINs2f61+FCyrVSX3r1Xq2b8feDhmH6qlndTS830=","lOkiopW9cAxGpgRSfzs40xDWD+2mF4oJh/BMC5iJoMw=","wROEVbT1gFSzquUT2k2dZUkKAHEsSOTgj2i6wBRrw6A=","rLMYRy9Nm6MSd0pbxCsLCcBMN0660q+UsIeG/DplLOw=","oAJ62ytkEa+9urBRYKNwTtLOa/ST8wpZxqi6NEZEIZ4=","V2SISigWjCEHzJldiXxotcTaUio8ufmSFbxh0GGTZuo=","6h2ia+75TAfMWqGFwRNZTaGaVkL/fFjbHnr2/hKfmMg=","eObEiLLGBd2JL55Np+oeY5zdRBcsEnIMjoZxUjExR/A=","04r7FIbBy/d19GhmkXZYSc7VCSkHsctvNp0CP8BLWsw=","peI4EqTmw1Gx3ZmDuzNXQfnLNrvhNxciaqhbgFsvhdo=","BneG8+s3zYzzesxoLyBbYk7AltntiMmEqFYlYueoe28=","fg/nCGbnVHkQBsBPQyJjHfaegDRsSsVb4MK1669VzyA=","r8yLENPF+O8HDvU3K0NVwuvpc+q8BCDyM5+5QYXcGpg=","Jw5wq/6AqU9fRBJ0wzcA6E38vUnoGq9AW7gwJ19F7Ys=","9byQiQ68NpUX+Aigk7Eg28mEZBpKHpvD/4xlcnjPx0c=","X/uznA0cC0SsgRgsJpiHjDEhtWyzQQk2kLUvHDYg+d0=","aFzMCflECrCBLwp0zngFwMvNjB2Ps40nE8pes7gfOSE=","+2O5iRzCF8cghxvkAdNYRehlz7jTmT89KPi5r2SWc64=","RkdNskaDrH/jmW5WvHHt/kVJys9q9+Ir7lg7+yQe3FQ=","KAoCvMApLMJJ/+mCfM91cjPQz6WSgKcyBIbLh/8adJs=","c2jioS/+K9M6A7lRpAVDp0jIa/M4cKARMbA1YrCSj0w=","fZAaTtGrhbLn6mUVb86KXzrfpFhDWPmQxE1SyxMtk80=","CBSSnFCRbYlk1hiqVITAULq+C9AVkB+/kl5UgutHmMc=","qZ3Yrlt2dkIP/BzNcmhHTZ+8QZ7sl4ZB7Zn3OsNd+B0=","hzESnXhLm9K1LOZdy0qN5L4S2ugXzfrwhhdy12FLw0c=","3MM+Bsvw2lS9zgVYyv5rnAZHu2+BxGTViuBj8uOJDs8=","P6+pAkahJCmxO0c8MZfSfqjNsOOirgvSVUSacY1QfrI=","LIV1tKunVBGHTi1xhzqFJ/2t09fNfAl60cafrVKQWno=","q2uyeaL3Fm6fZBwH1LHzRwX9thtxmOkqFnPJXLNQW9o=","QWtkCxY7wauywxbqNBnI2M/JPscOVdae0rdFlhIEcEA=","G6N7kLzzowvs5Vco7PK1O3ipLTnsgfleQoSVo5LSWK4=","eG4pnntiwrdccntR8qwOIXuwlRWwNf6rIoFuBK+5+VM=","tcwHuL5SvcgXVRz2fICWUmkeO+JzxgFjCaQL0ptTirY=","E8k5aA0aGvI984OXjFyM37XkW/1hi4ruMn3GFbmooic=","Y33l9dBFFyLfkFQroqm6DJ+Xj+DtitP92xDH8DL0ZIQ=","iJAtzvmswqJf2PmPnaso94LmlKPLrr7MmVqTrBSk9zk=","tiwpE0MEUoJDOLjn60iTOO7OVrXNUeYDFhi76BD4wmc=","SyqyLwC0HPo/mbMS+X8KRwHtS03LwR0hPIgRXqSMxJ0=","2YITqxFbG5HgihBnQeN9Y31JGXi8gAFmqmncEut5vbA=","PC1iQK0z+x/gIcRvs0vNjHU+7n4mx7X2JUBMjGgOuuA=","6h/jnhcwqGVvVG+KXNzokGzIBjJ+VyYJoIM40D1uJwg=","TouVMD9quI6rd5NCOOXW+uzjImCyMQT5/Czk3Lg+UT0=","N5U1B0tqSTR0H0rqmKwosCYAV+F/zEJE/64jV91tcQc=","w5Jjondb1Q1BD/6hBohsIYoniJ5ZgiCnVQlC/brwz90=","8suUKLQ3izZyx5qHZhHdyizrdFnKHM7okIu+qgBnNNc=","NvjVMIRncp1zAHeXf4hPeybDsAJO8yebLpv5quULbjc=","3aFM/Rtkht7rMNoEjGmOBmOVin/1z0kb8WCjqu2fl/I=","zJPQY8ZDUUaMwBuMg63PwKK9X0Gh+3vuXJFkRMHa3xg=","D76XtA5NDMPIxSS96er/iTChsb8tH/KEByKQPCQH658=","7rD8HTttf6wHMYzFPcmdeKSdNkGp85DnsFPYvI411ls=","Oa5Z1DMYN7oC7uoVH0dE/8BvMNcZnTF/C4MFUVU+DRU=","anyHgpKaZ0X32oT3TZTa87emJBlTG2bMdZZvz9rUFx4=","Toe22CTCPro2dARUlYvbTAKP+owfGIayS+SanLMRr2Y=","OAsxGvJeb0zJhdApuMUo1+qfRgbeHGBT8WT3hWcRFAQ=","dc36PJC4HJVUo5K7TUdnj6N6y/esAzT9PvqRtlWCAlY=","pcFbTulSutTukUUOm2LvL34vcbuDKBJDB6hjeEWpD6U=","ayo78SqEbRs8WztabD/UZbHhcXopsKGjGfB8ZwCmHTA=","wAsl8VoW7OgCX47tfDVxLMzjVMS/jWGOG2MsSsIsgOg=","PgDbAwyC/Poq7Ynx8CTnA6UfzJMBx+fTwFj8rcw5a9c=","/h3TrRSH5HN1GHDz21qf+CqaEpHT6bzqn4vLpGAeu2E=","nUs40yHuSh2vZZXHA+8wTjDBFLSk3tips5a3z41KU/U=","HCBHavEmTHXmQ4ixgcCLy0lWKq8tPGeRvNtLH4ec+mk=","qOL80bQqoDH1PbEgB6ww67qmMBgYEtWSesjsOhbrRmc=","KOmBZe7UnhU3OuAdW7ZiTgK1daIng3QeQ4j0jXIJ1Dg=","kjHlOQPH6WnALkwuTe4bZCTsti2wb5TMkjv/CWwhBqk=","7a/Ikz7WBOUNpdJ3O96840XTTOGE1IsE4uKLQUtNE6s=","BE36gHg2GVx2sBKYg+6JzfLa5/s+NnIVSswS8OlfsPk=","eEgZGdxnl1EAgolmNtnPrrpwNvXud7JnyYczkySXcos=","Nm/Pept7z1TuqOXcXmVD278C/Y8D95tIsXapa0UhLek=","oXvJc9K8R4WfOVrrt5kLHCnpsljjksgMoEch+YaQqek=","RD4DTD/SvuXgCxr4ut0j0jXNT4U21bpKQVwOvnIxw2E=","/2fyD9wZ+8pJ1MFwRxUjXLVn1BlHLs+UJKcwoecRcjY=","RnTKOCykUN0wEuYhWSaCFHZ2/OWKVubKSF7wMimy96E=","yxUIQcwsFW2RlZzEXh640cEcS8Lao37thes/q4SNcs0=","P91sgdumXQBXqm71iQSOjppqPS/4Q/m47YTvYKRoiTo=","WT7mHLzQqD4noMgG79FO6+wp9ho2v1RRjKHaL7eC1kM=","aIit5woJQcAl43vDt1RZrITZT3Zz0X2Lg5Hi/6ebfAs=","7yCkQntJqggnp7vaEP8N7uiIgFa7oAl7t2Lmq5L7Z2A=","zIy/r8Wn4l1YwHYanKZIhreZW+v2o12RfBUezDgWqtU=","/d1SWV5ThJaRLyvOQJxdKnndKDyd87o09iMOktoCg7A=","nxQyQWDVoqphKqnL9gOWcKDJ2JgaUyD+zIr8eQT/RZk=","bxRvTIlk6vFxjwXRejy/goc9WHu7yc4ajwJdE8pvUqg=","dmqu3X6x8sevhj8HmMmtWGgOj/h3HHPAEz9nBimebO8=","683MGU4gFOoR2VKk1vOJyKyNtX6b04SULZhv13y9xL4=","WTYSQ39l/Xx8jjmx9f/RYPYWpNjXAzoxeZF2HPmOkc4=","OBgaHhR6hn+a3ljYw0KlIWJ4f9qmeVL3i7Jc1zVHOLs=","5jujRDBRe7VcNPBhPmMXeJF19D2YiZi6T0RtikxKXxo=","hU/zEHv427XJo7aSXT47FDejTx7ko+//v6BVGJHS/Ss=","te2B9RPxL0ha4ue5ab4SUU3IitMPPefwbqftEEh3x68=","bsBmRkT6+y831kzZCdWYnLx1aMWdq4f9L760z7YP18g=","5mTjDAcl+vGDL6juUwt+RVAON2elGQBOex0IJGHujTc=","wqVJ9JFBC3MT5O7lq/TffMUI+bHHvKWnoAGtgLLZIeY=","pUyqp8T9WMsczjc2uPS2C9oDklFS8nxPxwXSU1GSNtA=","KgEtv4tSVz7u+WPA3hw2ARfA4ZkJSz/+MzZLi3M7uw0=","BlEk5aZWNL3uoGr9N+eJ5/joPXy+wS5vz8/r28mZ7Ts=","LCBRJSRx5pkCHEFcF9N2KrRP5WCl6CgIT6c15rYbqo8=","QCexYBjj3tnH3P2E6FHZ42Dgy9c10CdW+Ir6Wu8Oo9w=","SHoh1vua2F6rfG0p+7Uglvlgq9wllDsbuOzSkb+bWJo=","WiuiQ3w8sFMr7NZNI/GmO26Zf6eXlPTLcoMmCJ5HBo8=","pYEdHpx9GjxTa4mNz4Oo5XB3/4AW573qZRtQOZQmvUE=","yLhfJFI0b320E/v9w54QlzmdGW4iaBo+E2iDOnCjLQo=","DN69hQ9YleCmt74zi07+eshVV+y/J2KkAdC29Bv5hN4=","CPGOhKuw6FP0SvJ5hLfBV1UIdWXZBi/L8aedQOYuIes=","WRnevskECSmbHZZvUiuXJKawrJudesakiXdOz0lrhrE=","xIqZxtbfo5NwEKYAsBzAfu5wPbwc6auENEbl4vJJ490=","750blp4wO0gSNJ7hu/i3rMjsrFDVTdSkz1lHe3cd3SY=","PXVKE5PbCgzUgNVXLT814EKTYTEUZ2UnE0J0sVcvm3s=","ML44cfr6opEH84Kz648EJ3LSrAmE/ryRDTBnEchnhvw=","7vxTZSHXCAaZVtsZnu1UfFvhtUjOF6s4AzN5mKCiUv0="],"block_size":4096,"path":"build/542.js"},{"block_hashes":["tIMJqaubeDGCU75eZ9XB/G+V/QWNDnGG4htHcEeC468=","fPYBURIicnpd26/aj2vRW64QAVn/Q1fNX+8sSQlQw4M="],"block_size":4096,"path":"build/5454.js"},{"block_hashes":["1hxdYYUQLE+UxSBMnfO6yrQ4Fx4oQF0r4t7N/YAaVns=","3wO/v60Tq5uEpt0s87rMFZl4A1SvSUoc4Ko9JQ29PKk=","4mpS6Zpi3BY4GjAdb1gEv5mfVENmLl5uGhQCXUydW+g="],"block_size":4096,"path":"build/5524.js"},{"block_hashes":["pWVh+gIHpPMO/SAEjUko7kEhJ3cd41LMV2VKlM1j/Vg="],"block_size":4096,"path":"build/5669.js"},{"block_hashes":["2NvVoRvXOtvjnkT3EzOV20rjxzHMtn4zgDCetFRO8y4=","DFabKc2EahgEkvOWvI250RZnDBQdsR1boxU72Qg0uQk="],"block_size":4096,"path":"build/5881.js"},{"block_hashes":["S5hjU+YKV++4uKTdB4FpE/5Jn2hGXagr68GNCcYau/U=","hnx7Q1sYthcrTIEe2v9XGE+L2TYFJlDrTUAPMNc3/8Y="],"block_size":4096,"path":"build/5900.js"},{"block_hashes":["votmyY1ljIiu4d8WVoByB09MYxdGnLyi4M4z3GbdRs4="],"block_size":4096,"path":"build/5924.js"},{"block_hashes":["2SwpINRxR4BgK34lKr4apLtisPuVKHvhCoHjtux3dQM=","QZs9OS/2Jb722vfS1G9J1zRVCXxQL57exrf/9ZvrOnA="],"block_size":4096,"path":"build/5925.js"},{"block_hashes":["j8sR4ZpJ8L3bK9LqsgDdEKetqoGFslId35TUY5s3ugw=","c3+SQH2OKYXw6zUQeZcl3WiS4aAo0yx4RJpPIRfATsw=","bPAijwdVTGPp1ncW1IggemxWuP6yfKL9yoUw5OGKilo="],"block_size":4096,"path":"build/5972.js"},{"block_hashes":["RkZANmi9SueQs0PixMOjQlJcbkzIfX7xjvLIHJ1vrN8="],"block_size":4096,"path":"build/5974.js"},{"block_hashes":["00QAfRXVijdrE2wEHbKh6aR3VxbgWFSc88M7eDjoKxs="],"block_size":4096,"path":"build/6022.js"},{"block_hashes":["ZftBm1WXcLcp5Lu+3msJ95+ncgCJKAr7PFIR5Baqplg=","yoCFOGWI/2I13b9MclzK0JLpppYwVHwutd5xl6UcZas=","j+v0DJA+SEmxU3soel6tISZ1mCQC/blYp6HW8m/L5K0=","38ynSrNxXj/T8nMQ/7G0XQrBB30I2xBJP6IgBCcy97M="],"block_size":4096,"path":"build/6162.js"},{"block_hashes":["wSTeCP007/HPexrG86FVBKcKDmKCtySWT8CpyFcfB/Q=","ydner78maOfiPr07qnVF5GmAoR2yrH6US7VSi8XTp/A="],"block_size":4096,"path":"build/6175.js"},{"block_hashes":["0FdXdo0etnJghrqZGnE8cgX+NDCKp1io8UIApLCf0mc=","CX5ofjyUILovIaSF8g/Y3p8HmMr2ndcgk0PXdRLT350=","BHSKaBmYok9ogPWTxBW+lta/axShdowAgnGk7A1rjIU=","HfI8vZ9He9bvfusTSSS7tTweflc7/SKKD2c9jxSr//Q=","vAUEAn3rHCKjRKvdXWHXSE8s4NEmsrI7GpxZknOVLdY="],"block_size":4096,"path":"build/622.js"},{"block_hashes":["YJwruGAqFrvNlZA0TRtMVyBzvEgj7LuChU4tvcIe8eo=","zuOEf9xtZNcLAnj/SSlYx80a3FzFXOInlxfM/1vnK/A=","hDZeJMI/EtfLW0wRQ42x1bG7pSLjxyQegCe95fUE3UQ="],"block_size":4096,"path":"build/6223.js"},{"block_hashes":["nr3hsUkZ7ngNzyrUhRKlhF8H3eAOqXpK78W6qz6iWFY="],"block_size":4096,"path":"build/6330.js"},{"block_hashes":["4LG6IBu77BvUG8fRUlWy8cNKIHiRKwvIxxFJMt8Ee/M="],"block_size":4096,"path":"build/6331.js"},{"block_hashes":["UqZB1LH7yLuuQ2mIyG7/DcWeKWKbKJxY2W8kxO4TfpI=","J41QFoBDc1MHpEXMipBYM+CPMvK9UyMSqVfK+9yvvqk=","rbqPwjAu6ouITQgOGLo/qiWwP75HM8rTkmHVTvQ6xs8="],"block_size":4096,"path":"build/6354.js"},{"block_hashes":["nlzSpUq289Ubo8QI5idQqfzI08soVQ9IYqe6asfOaRU=","AW1do6aXlS3PWIPRw33/hbWLQUlc4XEVS3ON6DuB8so=","8tnIFq7I0gOT36isnktf15RRBS5L908CyMxS7+Cu/4o=","g3sdAwRkjsK76lPD9q79GrLjzilo9sWthdj+arsi5Ow=","ValrOzvCePrBXueCraLU283xEI6QJwDqJgJRrMeP/QM=","cqt5jD9ItHhcMnI61BL59JKzbyFc6fKN0G2s/+gcEeQ=","e6SmxgrQYA7tT6le7D6GjQ22Z6S/ms8gqWqimK1P5No=","ahZ5QXHe6+9WjGUxkQQaLIfNzmsXhqqFmhzuV1Ev/io=","VoCsSV5QfcSIJD0enKU/SROX5RPl1kqOytG3zsYGW1U=","Lpt43KmzCMaVqot7iOcZeMd6qdCvI/Jl7RlWNwULQdc=","kL+BIg87Hmno7cJg1UdmliBE/ioQ4fk4ieOpJj6736M=","sH6IGjt+9rGd03sheQj2/Bsaik3m7l5JbxYV0yxYEqE=","TauANVnyD/qiZSi+k+WnYkctCRoHbhrhVFLesQ/WdaQ=","afPcgXWZMgn4jPPiOTC1RnAxAk+w6qt9KGCaA51xhw0=","6JRnRJDIXJS5yaE4ovOXZt7QerEufTy1ZNO9QXjXW7Y=","51ugP2rJNelsawszlXWtLtIbSRY8UAZZijf9fIcXiQ0=","Pn9S615BzzssqMkxa9FGppMgn+hEHc4pCJQCOLUH0DU=","OSRpTFxn9LnDGYAvkFJdJU+Lm8F7oul8TXL+iLxzKkQ=","uncV3wYO+U0bmgTq3dqE0z9cD5jQKDtMcwO1mjlh5QU=","MsZnCO1uHVXVsTZZKVKIbKuUruXXfzdwROKUMW21yzY=","ivqJCgj7TLK3jwyixtGqY9lEi4f72t8uLho+m66ptXg=","CYjPpjCNkw5gO/CI9Xa/0xYcCPykH6Cxh6yNUHujWl4=","nthR2EbmFFbdQjLvVM0O+h6XQ3QLi5tDXsSIP6SA49w=","S3g1EUQKjNu2AddHQxhKUjYhl0gT90U3Jm9YesO+A94=","rFiCKjeDktINbsHvqSGR+eDTBvh4eHLcVnc0a/AKXfk=","jwkScO7rEZZsJQUEPVytHl5PHiAAXFR2vEpKFSs78Xs=","6WUwbMcK4eFON6OiWlFULCuDWopasXse/fkgN4JJ820=","LXAwLmNPPSVNWpqChzIUcQBupMPsTGCWTBHWnTMkkUM=","wc35QSivyPusl88m4rYSklE7kbYVfNFokOjie53pc4c=","TSQOWqss52rXZxQMsa6+6WN+BXtSH/kMVQczjjphaME="],"block_size":4096,"path":"build/6373.js"},{"block_hashes":["m+7DdjwWdOMzYJG4G7DJTxNUIGEFlELMcoF6AMAPbc8=","eMtoS2xFZiTcMNHJ3bbckBQVATJjbJ9mDT2zRyujgqk="],"block_size":4096,"path":"build/6751.js"},{"block_hashes":["69shf5WPTDGi3Fp5xyU5LS8Nhsib97RpED1qdLKdwm4="],"block_size":4096,"path":"build/6792.js"},{"block_hashes":["/LgLKjERudcFZ1MSQ7LqZbLBwM1nQQrRheuYXj9NStc="],"block_size":4096,"path":"build/6844.js"},{"block_hashes":["fgReZ/Jg4U/5gyde4RGO/xDskCWKzdba6gJ/kYSPOAw="],"block_size":4096,"path":"build/7125.js"},{"block_hashes":["1H00DIBOpT2KaDp+3Oo9Ik5Sgitk94JDrJ1QLQsT2yE=","gUo7HfYCFjASpKHNlQ4AFYrVf1kjJEy8/DPDqBS33Yw="],"block_size":4096,"path":"build/7127.js"},{"block_hashes":["n6NXiV1t5EWQ8b3aH+3pIEBgUo6u6DpNdaWYbYwFDDI="],"block_size":4096,"path":"build/7135.js"},{"block_hashes":["0KkEFBZi5gI8c9fnz5qeewvZj+r9gi66CJkxJ/7qpOE=","KEyAjx7erEq8nQYcbMh6/x7s4XPE27osiZz//Up0tBM="],"block_size":4096,"path":"build/7148.js"},{"block_hashes":["yVpnW8MaG8T+pnptbxVU1rOFcjSX+u92GrBBsRPc3Vc=","mJmWGy7bfQAusSewO2aP+JRoZgZpnH90BFjRcHNsStc="],"block_size":4096,"path":"build/7447.js"},{"block_hashes":["xHjk9PXngSrbbJkTfICjxudY4zt4jNNvqbWAzekugrw=","Yg7RBgZZNsgpU/XcF2Y4g0C0/+N8q/xLcSwGFXS29/o="],"block_size":4096,"path":"build/7453.js"},{"block_hashes":["HH+odYt5CBqmXKfHETNDSSOCt1GIz9hd3GZz9/SY0b4=","WtVs17R87bLGxm7KqBIyT1aOvgvHFLZOV+S36pP/UsE=","PIofgwJ7JKmGztFk41t10HSSSaaacHTuiTAtTbDIvMY="],"block_size":4096,"path":"build/7483.js"},{"block_hashes":["0Oflt6FoCbkPbj9LizE9eq+ThwNTUWo1wLijcF+pNnM=","6Fs72K7jWAYXLO+yxYHsZZYEeeI+T6Yi3Rf85ClaXnU=","9/I4Dcv9b0+i0FNCHBI7RUcNXSGEiTQ2KlNUVZAnL8c=","yYqoqZ9qHOPgaZWwJxQvqcXcNC2k0YURaqbKF9RXX9M=","8pS/alw20lGqkzPRDZocQQLk6OuF3eP7x9KCWSmBzGI="],"block_size":4096,"path":"build/7971.js"},{"block_hashes":["MxxYYvHM+QWTD04ilX/WQ2hDJyt3E3RaqC66k7p8XrM="],"block_size":4096,"path":"build/8147.js"},{"block_hashes":["mDH0qZv+jPPqqI7eR80TNmb6Q36/xe+bLe24aJKR0fs=","86SBaiOQGE8OKnKsDdH9U9h9IShhCwHS0u32HQHjfls=","bDbfx8HfjH0lwdPsUF+FF92aIAzNDWxErgJz+eh0gOc="],"block_size":4096,"path":"build/8308.js"},{"block_hashes":["kyVgcqKAAOBaBVQIx8YJpeopl7L3gnRaqA9DikP7aoo="],"block_size":4096,"path":"build/8309.js"},{"block_hashes":["OwoXk4ZsrZTUawmWP2bpbplQt/BeWgs4u4buwbxtGqA=","zMJ19/nRCqVYemJuuh9PyPHewhP+wPB5Desz7vSObcg=","gj6/Y3pg4hKRGccZMxdSlvZJd+eV31hXT8Zo0gjILF8=","GLsXB/4SK1U4P87JJ8Hp0h2frlyVD35LMjTkag1gsco=","rHyTRL8DQEjlwMnLU50FBch1J9EhGHSf/SaMLyKT1w4="],"block_size":4096,"path":"build/8327.js"},{"block_hashes":["EQ6jqSNd8LK/HJ7Ls1QCyv6LD7AKrEcAYDW+5gFsYew=","X3CjzlCjMM5MjR2spFY5jiv07s/+G2D4TT2fqVEKkM8="],"block_size":4096,"path":"build/849.js"},{"block_hashes":["JdXlpXSf2PZGzHWMz+r3XBi9zmb0xTfybDAj8RUpXzY=","JVJ3GgGV2v3jWM3clZK28NBwFG86DHNBS7vmoLf0lvs=","OdqZnZ1/z/i1p8ZPYlbG74ovrzT9hDOJYTr+SVIWbys=","JeFAKjqfZGoyqIFoTdUc1uoiZ1JAKvqRKrJxkEGS5Q8=","HCqhx5U1RxbfiXV2FPgzFJhHEoWn+G085cK8Le+dQ0k=","gxBM2AXzvak5+6YoPhL6GaKfSvnNWfqQEyVUpkuoklk=","6DyNoNWOwIP4stwBdv6UXzQX3/015BlHi5z0Fvz7r2U=","+NWT9U/XNL1YyWgXMpLT4XGxpmHbb4y1OZA9nJ6YawQ=","JmlqckGqk44uWzxGhego8MqxLMqfvlxyOtp+2jaH59U=","GS+menVwK/EvCz8kb+Uh7Z4qRqekV1vxSPYbDUwh4dI=","7kPhWCcZYHFqOIN6mF5vKC1hHTvOzYIXYOGWNd/Re/Q=","8MHqH2TbU2F4jF4YHKAj/CDJZH3W9RRKcQINyA2d5oc=","R3cJUnt6yleoJCEEBMhlL9g0Q+vILhSI7p9yqnPeCI8=","FHSg/iU7d4lDwWi9FzYPQZ46fPqZKOT6JUfJp6Xi9Cw=","0a5+7ImZ5k+FP647a8aB/3eW34ion5KsmPq2v8AbLT4=","HFyGn4U7SykD6qS/6xTy2qCC80IAygmkQzARnYDielY=","v0cp+DPJ0Nz/BdOhW+vpqzi2DqMf0Ak1q2al415/des=","dBUywevjxyPQkmYBm5kL80fX0CThbgzkPXzMxkOc22M=","1YpRhIkZhMbe9W8TI9FvVqyj1bY9ofOethX0RbGTGvM=","Na5zhj+P5EJiYPgmx46dWFo86C75IVcjba/6ZYBUuAY=","iEQkTngqjFgpEYHKEpQbhZ/VkQuKsquZU0MzqqkC1nM=","N4gehTIhcjgVltFfslcfmGwjLaIPoS5LQ8IWWxcByMc=","zZQDqYl06w4X4PaFDIEaN9B/SjSHJc+muCHXn/ZGebM=","+CchTjZW00kEU5L5gChwF8luJvYiAkHxhC3imEyk2j8=","w6E416eLjgYmza9dByCiHg40qpHI20qKykEbuMnEkKs=","WY4Nb/LvzWksZI1D/w56Fc61KYv/V86kT6MJ0U46+fU=","qnbdI/0k4BfNhymJxhdBluYTLGrgqfjJqz7l9M8fejo=","Etx1dYFP0So/YRuZUQlUCEDCmcwV8iM7hXtgKRvQ+GE=","Yhf/ByBP8cP58AnAurf2kSpTmj0TkuiWrJ8XHcMxwdU=","hWpAArTvtDEx0XSfWY4+rIy4RARYK8HAnAaQSE3lg4w=","49qlU3RijQ7vFdRPUa5ukrqp3wu0WzbtoGbR3bnD1hk=","5sbf+XOVce+202H+431nZ4R5UecTeEryCdh89OUlR4I=","pQrg3SnYR/92w484Bb2/OOt1JJJyDnNk7TDW7sNe9Dk=","QKnXBq9tFZGwqShzsg72hJI2AFwwQF4YKRaNAqOAaW4=","HdC0vUpagq2/ckYBS3Ra0wlhBYmMWARIdQa6H+ifKug=","oDVkWSYjDQ7kAqojB0Oi4m3IpzrIpUh0hiuVEkwPJdk=","LcXEXCYEw30WKgguP3aDMOZvApc5C5zxG+nhPRz3QPE=","Qga4qZ7x6H3mTTD/t3TNCrm17sb9pC23z4got759CzE=","bPdNmPN7UWRN5fh5b/r6z8/5uGhefbxPKC7QGO1YHqs=","uGjp1rbAi2ZjU7P3PDkhJb/vTipGR8rguExxdNafj1s=","/RqYewZxMcprIhvEAQpb+iMqW3Ao1krHkS2TFHtwIFI=","1vrnzZq354GjqptXcJwhFN4wWvjndwRn/a0EHBmxAVY=","zcFHrBBfsmK/UJJRF3BiBFe6yE59WwDKTKYp6gCX7P0=","eC/MP9JKa0maYcJAGQYDkftydhmoSoAfXEP3KrEiBqs=","90lVn1uB+RW0+lp2dMD56QTDPm0U2jietKmCXojnFps=","fn/caBokInL6onJpU7/KeohqMyMMoU6j5jojVUejMFo=","oJiFjD7P5S5aNXDzeu1m+O8+U3jtOPf5bFq6LHRkJCY=","AblMOfF1R6Kw9Dmqn2EEAwDj7rf3aGMZ21FxV27eALM=","o9RzlHwwQ8aZtqlFX4xoNg1Yo5kMFhLl2MHnSnHNPDQ=","gakP45v6LwHnK8FxP31liGrwv0599HOEH5H0RObLyOg=","eZZPOaNjDzWzc1LzroEXe7gMjRikLdaGUvk834CAPZo=","935fKpxeC+wPQfPyVsyGRkx0H/HPa3A4fShTyyvZcMU=","EwM+9Gaf46MdLlkvNBYwCPzNceHLZ/ZvmB8bsV7OMM0=","wCQYJp+qG88fvxQNTSyx/709OKerYP3LSj5G1xY8Agc=","EFQq/F77vJ5Mei/bOscUMEcmcF2v6EzBOnuvlw+R0XI=","Bpu93kWGsKUzLtmYOvu5zfsc59E5CnB1kyqDDVL0su8=","WHV7Z1RMshmspU4dUQvGdlpb4ifXi8CXPRgbz1i/RtY=","YBE0JzYY0YI6QUF7T1uaRBYxFCJYbxa+saR4Za7qU2E=","tDxf3jU5fKh120h6hhkOWTU8TatVxBqBWRRw1jIh+rI=","LEcoGGB2qwGWBfWz5l56whKOOKUK3vIuQEVIzT6IL1A=","sZa3yzh0yas1Q/Sa9wsdOLMIQSfij/sbfWDKvXBXL7U=","65Ktc+JvR/fH9aAc/SoJDhI58i6Dr3DOVqhFQSt5CaQ=","opFzxlgdPzgfrLk9sZcfY6YEaigWxP5LVzr3z4uNkHI=","uB6glHTMJ1s3X4JjW5Cs0JWsXj2y7uUjwkYbfYsYT/0=","qzZrKJkEx/17VfuADy5FXwvX5/61lzhnPFRfN3DSf34=","hqE67W2s6KTLuyx5QUWHWUrs80AtNIR53e+rUxyexT8=","WkDALrKWraHGok75OidCr4ce2OH9x6Ih9uAxNP0saUo=","rUxbHQ6aqksbDMvEYcBPU3ug6Sft5uqYeoX4dLh5mC8=","3/r9EjDdAkV4qhv5mxA/xkeupPauW6CWE1PKJrXVJ/8=","WKnrMhAhpiJUi+6o97TjMYTVxdL7XQR4emus/MAPEDA=","y5hOnhfX/fbW8gTSrdczmBr7U0skDOmECNHPzCOkt5c=","Rq4youymhbO7SdAjikiuhyrhGYlhAcqkDjKG0l7o/Hg=","uv28Mf8EUAF/FgNPHbK8aE6xtWeZ6ZcSDZ7hWTBURsM=","O2weEj5BrAyKdl3pgwp6q29qJd7iUx+dczq0Q+hFBcs=","07oyuKO7ELWHZyOLwLFt6JcmLTFYKluJonNI0wFOKHs=","wSV/YygOanC026sI2iAXH32bv12YYg8qhCKuAL9M9u4=","bk60qTqxx5MUNRJiFD40TfMGklxun5zumeNtJ+Xo7T4=","hl7BbLx3BSz5NzqQhSwhVGZNCf+r5pKzqiIQNckOmvI=","OSYbuYV7MnuxjlV9gyusAwymycOIJ4QawoOu78T+SOo=","3E835J8fxBPC6sKtLGU9Rs6lqWl0CIf0+qNZhWdHLNk=","aTxL4up3nLlqAjTP2kuFzlsrCQeT2tU8l3vfJ9iViFE=","pVPm4TaWHAw69+gCwVRi+i3wVEJmEpkC6hmsJ2K27ck=","g05PU0iS1tzhaEON0TY93tZ9Mz6Pih3XmSO1rFjNZUI=","fFLRY/Mib75Hr+ENZNPn6XXg0UO2GGfdpjlgYrLfIUc=","fD+664FrjS6nYAmVouQrLos/vXHnKbaxOcFT+pOa3CY=","DMUBdOaEcLZaEB41a2eVaQ53gWOtojxaSmwbIkqjTHY=","W8nXhSLLQPeHT8jNl1xU9Zqqv2gel3RDp/DyoHDeFwU=","B5Hd4tQC1yPvSOQlV/s9VcVZwA2leJmIpaurEa7AaOs=","t/YnfveN6NhFXG8nstg77UDrwb74qcD3SYQzMDQM8B8=","YVg/cmzH5lIEteKV3jwsZTM773LXmR+U3AI7rFfT+To=","rXiCNcgQB9OxdPsewKpVRXbG1LTSAqFrWbnpwbHV9lQ=","v689jPom0z6nFZQvKefNc8PSR3QBLZdW4Wg1f0IwZ2Y=","Dwu+4w0ZLoJt+wewPo4Obs/w3KsX35RqKeYnqyiwnoA=","AlR0KtFUNAexaU+SCZ72Wx/6TYmFpYodf6/pe2SmEJ4=","x5esyOwWrJOem5fSqN8xEYrwzHGL5kiljBT0tIhy4TI=","xhYV9y7FUxqm4FSmpbb5X4eDs09fbD8GQUHYvmTpCrg=","Q+qKA/i1Y9pltvujYU+a1pwgSa9w+GnHyLIbDgYR3CI=","KvvxJh40QweOPfpZxZyclO1qPNPwSQ8f6ZOVQLvPq3Y=","txjSFJcfCVPrMnuJUUNKYLfxVFKwmb1wJEda9jaD3lw=","vp192fe7WXBbaO9t+1DUzKndsNnnRSJ7hMOJEp9SJ0s=","9iQzuXeWVqSKUSvZ2jnl+S2nflHNwyC7IIR0zIdDqAQ=","2KInDqCczGsUJKuEnbHAebTTqoOd/vgyYGZgNelEBao=","6X0QOJx0VoM3oN/dJRdXf2fFGPkl3iW/AcXS7EVty2A=","xdfdrcWMwlTdnH/rJQIw0gic3dF6Qqu0XtPAFzPn5xY=","iSxThGnNdDfN6HjmCqqo5AwU+mR/448YyyAomOKVZlY=","4UR+wp/qkSWSSkXlnJYRcb3io/a7RMRrzZwQb3UBT6s=","qTwrisupg56MQMcgl81BZERsfOZpN1riisscwqOjgjE="],"block_size":4096,"path":"build/8654.js"},{"block_hashes":["Lw2Cbztvqxmnca6Er3Lwq4ygv6YaKT8lVQn82iCGC60="],"block_size":4096,"path":"build/8677.js"},{"block_hashes":["fiVDQHo96cf4U1ne0maf+ogG16uKQFc48pwGxDmln18="],"block_size":4096,"path":"build/868.js"},{"block_hashes":["CB0MXMkNCilVMnQCpjwP/DNXg9ySM660iob4sIUuNz8="],"block_size":4096,"path":"build/8947.js"},{"block_hashes":["QvH9v7/z3m+jBp4NhDE3MSdDCNbaB//yh0uuhGru3PA="],"block_size":4096,"path":"build/9342.js"},{"block_hashes":["xsvuzdpnrjQug/7iOXjmhyqdGKnPQjB5BNwXeU/Ab1s=","tgZjhHKc+ZC0D9bywBh1rTdtTkX8LF8MS3dm9XyWtPw=","9wWMiXNp4s/urSxwYK8Q3JfqK1MKV+VMxmoffbOFr7E=","+iJnWGL53+PAV5vAkln0QtJiySa4kc5T5ob9yeW6KTE=","aUF5VW4XgCXgP7kUGjNSFzV8QC84YoE97uCdh0Rcigg=","YKZkBLSxdtujqGodc19diVdhGrDhW4X+2+koHtnaI48=","6IEhtH1oootaZpzl/m4CuC4o7A2ogoWrEyBxPOkEgOs=","hnOKjZAHw79Q488YdrsYG33oxmvpP9Z3sDQ6jmahnDY=","x5a/PicJi4LXUv48hb8hT6W7dZBarbQ+qxtNO/KbkiA=","Kfn3S2bJpIFeI8376PZ9Gg6k6tbXhF13vya93N/QlYw=","Rn2DzrAqZfJkCXsjnw67rEwgxoz3gNIopRTgna3AGYY=","3J77v6utHFgM67/49IpaoL3wNxJM9JcOYr9xXt+EKj8=","Mn9dTqBCsz6t6BStYrMKp4Sgw9+EXQ02GlfWXCVlVZc=","9O2BemdRbuZD2MOExWgb6SEAYtlx6gLmDZ2tz8Er2tA=","juH3E0nFIrGhEuRTK4lQK4NBrZFi9y4Pyjfew1g/LFU=","DR43nIXYXFJyDFa8TNo1POJ2N9vviBvhZFhxOWsJB1I=","40Px/Oa7vDrCYT0LUOp5zyd2zpeosW2tE1A8YJ/r4PU=","opdJa/UoXkDjv067q0MqIeIismoGLw+Yovbn1n9Ufog=","SybaBecmFc61JGGef7QAIc/B5oXm9NWvc8f0zMncf5c=","qcMlvktevqt/fiKWRdDgZRq2zeZYfkuGYvvw2pIpMxw=","BBoBhDPVCOdijYLLcVictsQj/rqFSohi7uohLql+XOk=","nAaD1BabWYLrhe8r/nlVWE/9/T5M+Q4GNoi5eVQKelo=","sLAETveWTuB58PJfMdkL/10+feFJzN7RtuYI4fZRQDM=","D3XGRIc2gUVEIroHqR4Ae7IdI8DJ6bfA/+ZOz5dFGz8=","JFilQ41PM6jJAvEnYKExVlCY4HAu2zzUSEg35xXqJ3Q=","Rq/ZC+bd/rFxiAsOXKRTtAyZIq/D/nqsY2ZZRy6lxjc=","SjFGgdnUsxwiW22nZGLpL+Qj0fO7joTB38phdHdklzA=","dV3S/xjL86QbyXySroP1gAXDp5/wmVSFAs9CHtRYMPU=","8iWsQH5c4uaTPVgf1FpQ6lYh6YrotIlJDPscQAMDjqo=","Lao1cE7JCSI613Hot8OZRkbp0sXgWFp9z3XN/XybJTA=","ctXGDY86K9+T27CT1rNbl/lloogad7P53DYDkhS4P34=","yUMwQv1iRubJ8ZXBma4p4knGnX4Oj3Y0UMB9/evLT+I=","ygq9KL0NmB5d4vmaBG4dFN/Lv4WRHaaEoBd5tXx5858=","eglo3VqgeWyKcib/DywP//oXPwrfaryXxKoJCQrAYPU=","zJSVbN3PG0h6f6UaccArXWkc5vmv+hHNs123Ct1grtY=","1mr5eFnzczYLK4lsTTI/l9ettJc1RwriUo226RczvHE=","hYvMh/hxSbFmmY91i4Y+7TUGmRI79xL0UzbGcE9KG3M=","P7xtDvcvWVHOrwOsVS3siYjKHEvW85fBNHQZxmVCBX0=","8cgSyVkXBptxdRFBkyYIAnk/MFG0aQ66/8q+Ezw7VYU=","KsJeq52qMSc9XTB8wrQH0rM+OoTBEXHJ2BXP43aC1CY=","q4g+6nI46Eo2TTYeaHKc4IsnOZjOjcH0MlAH05UmRrg=","z+Ltlaivs384Bk6+Bf8N2tPkU2+e09zlYfzIBWOdl64=","Wu2M1/S79CtwPZeZWOtJ/BmKcsz1nFYwIiibP+dTV8I=","6hfKOyaX/Sa9VqY6XtsglMewOkScg/JyOV7TyvUOAtk=","ubmGI/X2BDcaT/zG/RVrlGmXOd3UoQiq8tgMtHhFK4Q=","C8zlxRN6T/TqzjFH5Wh6HGIlAo4wBEwaHbDsVnEa8a4=","uYD9PhcMCcWyulQJLd6nwQCe01sd21JFDyzUi9ToD2Q=","a6k96urXWedhsWoJMZZKFAqYJ5ERPR8Eo2WqR3w7Dm8=","VBF+zGXl20EAsdE5hILRUcjUbmC/HtnVXv01bO63Rh0=","xZfmSNPZiwzBHKyZyq6swRU2kHVf3AeRXxXRU1CQDnE=","s82q2XfXKcRPNgPanApMnIjFhfEECoahZWd132PIi44=","z/5h7o9FIhxQjdXQ3dBjbjQCiwKEJlMmYJ2xMqkKflE=","mqi50SiU9JMw/nsHBEfj0vk8+n9xSAJTatrsC1wWNCc=","PpnCqOkmRvUQjp2/fS97WZhUEJZPqoGJJPYd7r/NPF0=","73ikzGMkv4vdY0+Fkkw7qCrsK6e4Pe94aS2huaGRPtU=","ttp4nlU7vxo9BA3vu1GJZyy1pW3mGg2vCYga/GMV6yE=","mZzfmA80CZrdGmYuskmtE49wngx+QVajgCs65nGI2gE=","QriAokv1K3pea/76Yb5aRG1wZvu6fmK38vgraHblKkw=","+6v5O+U4R55LcKkPHnKOaxlMuYsPOfl7BD5QL2KnskM=","CS5W5bOwUd1EpRY3b0ef4fsS2DofFpvM8C2+Tk5YmeI=","6pnDmVWJsDgUijxcScHtite73upw+47HgyD0GOPRh84=","LfwGUut9Cq47s22ac+L4Li7ati8O5sLzg5Sxzp/2u8Q=","Hv8d8ZrSYfVrLc06jBCVNQiNvM1OONMPrUqOgleW0b8=","HRQPsnOYDgwESQicSNqm2q51kjkzZ90Ls/5ozhwDMhg=","TqkItiO1anNCrGtsEcmNgvlssvOlIugLE+0xBCQTFbQ=","deQ4J9K7nxynk9sguIH1Urxk0ZFpTysAbIg/BK7Ot6I=","NCjqQd3sVmf5/mMQbgfT6aZyVk5N6UDSAtq5UMzvE/I=","8+xl1tUH+eJMqgQaIaV5JrIUXcKmcmCvSzOc1fMA0as=","P6pZu2wMpe4hmIAk/crFcnD8oOVazWPF//a4LVJMAV0=","18p2Smiwa8PaEg2ZYAXX8AYCIZYArHxuU+K/F77NfVU=","rQ+cnTvEXW5viRVCJe+DsYD6DURrEaToS3IpZEG/syY=","cUkMBA/M3RwtCfH9Je0S1sTvjNDw7WHrUuJ8xHw9mTU=","CR10L7w9qTbwVbx9aY8X7Up1RtYhXCW9nbdVd64nXjs=","qVuMfv1HWXCWJni7BXofkXyci1VoX0Bo9tMWk6X0xNw=","DnckqTm1l8Btl2YaR4fhGirPAP040uesouK1beH4OGM=","fNTiNq7i6uCKery82983tZp9gjWHHiXZpFPncqprrrs=","qi06piKBOcmCT/5HIUCW3d866wHx/GBtZtQdJjZ4hWU=","blkzPdEVC9ful7Vnzybh/nxiL+82EcXt/G8aKv1hJBM=","HcaQ71DLODYEj50ECFfRc5tNEb9BI9hiM2g63aOd+tA=","iBKoH4Gg/09KPXI1ijAlNLHQef6+QFPWXqrhnHQUy08=","fWT5RWL3b2g2oBtiGNHKwBelBY3tPCH8zWM2odpaDBo=","2lyAsnfhW1DW59HuiEprtlNEybD80xjrlyFqh/haC5U=","eMI7HdXSHzoPrQSmmSlDoHsXEznOIp/DYByehHz4K9U=","/OQbn3MfxYMx04W5CwC1o05Z5VFfir9VyTBBLm02+Tg=","D+knfLrHpppL8/4WOT3CpGMTfKuV5TvSuwcFuxJUMQk=","tgceow9STWjjHJl8yqr8SEBqcU5tnoMAi8JuOlhvQvg=","kri47/HFp6GySdmDDYSduyaQLSgjBw0b9W0ou5kU/gg=","HzXG1RqrNF5XtA8f2EHrn2TyQ+sYkDoIM/8J6eRmA70=","gyNErZTwVFX09sm3u2EJAduy6ULbUuuHIqjc1XzkTNQ=","g1dBWyFnkDhQiYzvON39V+iAn+wCRytupgY/5UqwkQ8=","IBUilSgHiSfAdV8neQVUCK9BOAtEJyCTjQ2gMkO6jOs=","eXza5URdTFL8Knn9Iq67k7OkVngxc8ttABDm5kuP9/I=","NVoTykPOWu+hKIjQcb3797+FIIqIk0Ohxlybcyd40Ro=","VKVRTdRRx+DW9itlGcwAperlUvLodAbC/l9qWmuiigc=","bLw8JS/HF+OIZGytYHhycWjEm8kzqO+j19WxJ7BumGI=","TNBVt/np4zeaBAEmC7izAkfWgFglDaXPWh+KZwcHkHs=","znsciJbnG1hLZ02BGuB0qUTXA5OY3cg2IjkhO8LL/xc=","d6D66ZwCpCPDn+np/LwsormcrfP4Oy6YLHVzGoD44qU=","kJt0NxYFDnjlewip2gBVO+h796tAhkTghs98k/UJVNw=","rKZz34VrIGoTMwK8f7AI7lqqWTUSYXmgfAfwjEPIcDk=","t5DZbulZNZAzj5lCMTlrVCWWtZPvfeyyIFvtlDAfAJw=","7pzioC62S0KnTgD2RIEY/kWQTv1DJ66OpfUW7nklxaI=","GZr+o2E4u+NTyp2LRFzy3kRxBYzwd4g+vvQTKSLflII=","j7ertcEpekyW/vP7rbvFRhMAykhtpYgH+K4VTPIT1yk=","ASL7rC8n5anzOiYdJ312DNqjfJD9k0gfdAZBPVmD+A4=","PN/iSDwp48TFIWnoGKv9h54+zzXODktAU/MWcNTO2Qg=","FCaG7VGv7ZQex15b89SDHWdRFR0Deamj5EapCSDLFmA=","t/ECca1hXlalfaAg+cm7XzNh83CNbheZ/Y184Ng3q8E=","a1XfE+57l3Xv57nfmSX1CgjuOOJXK19I9jRWVMqA8lc=","B8g5QHjr+fz7lvf8IRkKYOFyoANCsuP77BHQphpFeGg=","+i1FDs14VaUQ6sg3TKAunij8aqUtoIO3xtOC1uwVF6U=","vXezJ3dHdHge2uVH7je1suZ5cpWbUbO+T9LIpbrVT44=","+xQd+rMB9X8SfqKmg/YBTk12fkCKdr4f5JVotNQ7Vlo=","MsCCM/Pol+CtK+GiOpF8ihgHkVwJ43OfukKL0NjSnVw=","fBu3RVBb+ZdAFRylkbYnvoP7tfRAG/DwwcvcZQKt/tQ=","Hkqe2vMNZOXqGScd26LHj3kYQFzYe3XqjRKiA3XNz/Q=","iwIjav2+OfY/J5IhG2t7bziwEVuuU60F4GbjC0rRREE=","A6aAtJVWgvZOiIrO+//1Pw5sIUPo6URs9PNJ1e9IqV0=","xLT8CX4yftNV2DMbCFcBsHQ8EgiNPqXEgisYKVGeweg=","MzJ91B2fF5oKwwBb504Oszr2RGlVRlyniilX/wpidNI=","FpnAEK68iPUpMpUO+YfqHwzEkc8hQa24FQG/wlDlFmQ=","RIv110YmlSOSuXxd55dAAyH0efdyk6H5aPHkclknHl8=","+i7vAAZOAUcpgGo5q2Jt+tIi/6chMSehazn0aG0uV54=","H0efD3kqdqQ3K/QUlYhUF+JYcrAFqr3uBgH/OYxMjao=","KnX6j9fgf3XKGZ6kf1m22aWcmKFt7KXKMhBMKD0cPa0=","CY2X8odSavTmyUqoLqhJdpeo30OBJ/wDkVPCrNX7Leo=","y0vTHDgWWCe8UT4eD9XXUrd7Mck2gqFFNHf8BILKWxk=","PNeVy8AD+R2N2hJMnCIsY6mV5c9lBsrHZ+U7zfHvnDI=","VR7y0dAO4ICv3FIyrZJ1bJNtFBwgt+hzyFe8ZrxfCFQ=","wI2NGaMn2p7r/alOBVnTIH6Yhzg1PfDDq27efwA5jJI=","7zHekZugV6YOFSQJFWCUE5ZVNKorMOaqmy2/lgAPgfA=","loI6htRUS6Kmzzd1No9ZdAYF4wws5nkkB9FxPttdXDU=","XzDIdFLeZ5WzdKXtIzh/DMKaYC1hmZKrr2g95OoJmgo=","ZLR3NmuMXwJyd607xYQUTPaGENaoG1Gw8/QUS2AY52s=","X94Ia2pNiXiiGiZwUQe2xRWXYsnPDtB6mAorxDyMlLc=","F0yxIp7m4Yl0ZE/z5ZJECbq7cMtuq1FHpcJlA6iEuPE=","jw1yy6lYxiyTCpqXB5OcPf3WaIEFspanx3+AmbZVeR4=","trhR38mF5EvSOLAvVzLnLcS4vQ8ckjK0BtrPDrPE/fk=","d/YTbikTTkxs6zdmICsU6UzVpNqwxzkP2dqGOeUREXQ=","9y/GKijSuCeZFSv+EkA2KyByZw0JNffEXCU7FVL8KKA=","ECSPqQ0gXp6INORbGAnPh7qlMpgt1F0emSBZufyew/8=","d8MZXxkmMAJlzYY8BtrJBGfOJz8x72cKKW+p1vNWXTU=","8gK18QY13RK04qEPsMXVks7eA3Gzu7DOaEZkDNMu96Y=","SlneoMbCxkgo4tkOJQqVMqpxjrxWTj/IK9NA0TnrKZw=","KUOBwU9WlunBkbW8KY1BWoZHrZKPJnYOAsn1Bl2B0Ek=","Jclii17h53wIQN2zyPmcVQ5SD8o8v6eauaEn9TIDl+s=","u3UCr3pPF0urrRlMVLwKLa+RuwOJIcKm7LMhOtGmJH0=","8c0mCv3JgqudL+4DjDy1gWrDYiOOgmMl+yYTgEJlIPY=","iOzpbTtYltFBmMojhtYMb+/hHnzu/XNvkSmg6mvcofg=","S0tHwdcJXekIBRoHnWLQ5Ir5vx845exMoeWss2vgsnY=","li359PbVBZH2mcOqCbaBZ+Q5WomjjOn1yn7ni1tjuUk=","R3oa+mkOjcxWMeNnH+maoCacUk3zpi/TgO5QfYQRmPs=","EgZFOVh6QbD2Mp106PBrdj3oKBE5Qr6mW2ocYc4uaUg=","Xy9rcrppt/STeWUXR2oJFuYebrK4nkHTw1zqPgTxqSc=","7aR5xvm2CJB0yO+0gyrhcCMOFj/txwwPZ2buiAt0V9I=","TvD5X6OmJVJLRkvjYq7PjSQ6oCP5NKM3np2sMdbwZig=","QRDbBu3gwUJayba1XjajQKdJGTGM/Ezwv+EDgciFsPc=","BPKFG9JebZEL8zIq3x/wBJlrVmCaJPjwAFOxKczEF3c=","IqQ6U/kmLZxnop9UhQSp/YkuH8O+vF7Oh6lMtpdz/wE=","4qX1Yto1xGR1d2IDwX5kWt9asNetfPiMdhFfw4e/4HI=","Et7sD235VxBG7ZYEGgu4Z/ju2DDEjOvRIlu6+oEUIww=","IXGZjlDhS+npGTOGm90zi4/3bpsrzwWp6uXk7Br70Xo=","IIBG8UgpIMUy6SpjUb1q+L50KGZQ5T/jQ+0bIc+OjQE=","Bbhw0tb+GblCjjQob3N7UhDRMQwIjTYM+XSVt37UGuc=","Ie15kpul6PZr++UOREvugs8q/rhgG4xO/XZmHI8+3b8=","/iE5g8rlswEv9k9pu++VvMSGeWg6rO9LGt9zGtlOPdU=","kPPp6FbXFdHzFlaUN3L4Hz34Renl/hGgBH/I03hhV50=","YwLCuZVxCWFn6/han686mEBJfB4KCCTY23r0eAvbFL8=","Via3oEiA1l8BoknrWGvQiwCYSH3ObcgzlpU0dl+ZqeI=","74q/7HnXSl4rC9HkiocxSzgMiLF1cg1JQHhzasMGOTU=","4TC9Fc8YbhuLX+IR0YlXA0zJ3GKBfSivH2y2/kdu/zU=","aZLmqSemUcKEA3HlV8kI9k14thgPSGvONkgQuGPOsoU=","aA6hoNShUxDZzwYa/XnBKyV+Q5Zd1oGNG1jBddCzjzY=","RFnVnH3H4Kc54w3zRrLz1ukg/GIkeohqd80w5iIm4Mo=","p5LAThveUTea4XToA8yDf0HCD10G0bopIUjhAlJxej8=","xKDQb5Ydbfj9D47E5gHnFp3s1BAeHASM2rr+iDvFZJo=","InOOmlRstnJiktIfWnWSn26mfbupjUHG28gbOu8tk4M=","9d9jzJbPxSkIw6+gi31UySsUuZ51nwCzL+wqrpF2QQ0=","hcWpFEyqPUKGpsUCJUCFI6G9xgQzBQwopJaYQCIvSTI=","tfqugwt+9KPuxC4rLy1I8RYDryLywfbeMn58gHECJ4w=","G3IctBmIPNY1qnWSLinnK5aJBCQ/fpvwfWIlZ8gxpfk=","mro8TVDZONXMU4HRFJcd+1dhqmpplCXaxhuYitQoceU=","+eQFvSdBr/attnrByiIE4plkTn/QkT7wnHpgdHQvdls="],"block_size":4096,"path":"build/9491.js"},{"block_hashes":["DZ0VJfF5b7eLeHZyYXWQuvQ8vuMzc2CwEHiIlnQfmFM="],"block_size":4096,"path":"build/9741.js"},{"block_hashes":["iee3lzCcncgTL2iftqCoUPkea1iX22W0nk5gLSIOQx4="],"block_size":4096,"path":"build/9953.js"},{"block_hashes":["ARZJ+82vxTc8Og4QzbsExqomo7PXQzhETuqQtPItsVs=","oZkBuzrplxolqgxUXGIkVd0PhtZ6Hglj/SXhYwrxZBo=","XYoFdeMa8nqhlwJQTCjxhFm0oAjDNFbfDy8AlEjpjGQ=","kZ3YUig7TFtoOp34tBfM06j5n45VfHGR1RrYACIRFqQ=","SeQxue9DT1ca+ly6Y+y1NTiMAAQk9chu8SkJyOo8ngo=","gB6fHWeNKLkpJNHldS73tOc7iAGTGRRIn0UJqRamoHs=","Vnvs7xFi/4WNYF5/gHOKqIbHylxJj9pm4eX3jiRkIhU="],"block_size":4096,"path":"build/CodeEditor.js"},{"block_hashes":["ktjlcO+adOVJUqBsSMQezytQlIB2MtkGtxpD4AgVSqo=","Hg5e9uXG+98AcKVQGkyaAE0mEximdAodzC7DxT73/Gs=","HdAwitUvqWWwgBlIVp+ZZraKaInqBgGku3A4y9ic+rM=","f0Sag1irb0v5K3f2RA0UuRSXst9QOTltsOvA5RYmtE4=","AhUIm+UVDz3GMy+a6rBjhGadkDOTqOy5RkGBnKI19dA=","v7EghjOpzT7hqUVAUWxUSUpwSmTa8MClE9uv/NtN+/U=","hVKCd6dzapqVDD0xSK0kiTIrAq0txerfjoEJJLHznpA=","XpU20ByzA1pVymu+GBbfQui0JZrahPg1IvPHlTkpxgg=","/9IoNhXUB6tDwaWtcrDlHCUQo61zfjzJIr7kmvqo8v0=","BZqQy14PjYcptgpmnA6Kp1UdZ+eY8sCuJGGADvKZ6M4=","dnq/I7nY9DIudahBAJoQvkaj3PhjqvXNU9kVw+k0ZnI=","0/xedA8cgljxRTJfiZzSFV188QV3999hXfpdbtQ6ODs=","cwlf7w98rGBSpsOhLosv3S4WBGZOshqFtShZdwaerbg=","JXDYuyE1L37e5jNi892ELv/+iszHqiKSYIi1g9IuVY8=","rkxj6rWMMXEw/SnyN8nCQR1m/FtkS4+usf39Tg8BZcw=","d8Lzrt07DNgm9TlV9kcNVYv3f4LYPot/o86XhNRQJEY=","gkKdetVQE8f9y1Ys/C05vj+TzSn86KEnzMzhnQ0JFDE=","vwCLZLawxG8t3EC/ZAHhkn0WlycJG8sUAjbfBVJJZEU=","aJbGhm69wMz0F1ybCUANa5p88ENVvgy3n7wQBTDUPX0=","KpADpaeQUzx2xG5osyju0G0PJOZ97UVIGl4spCuUSHg=","b7ItOZpc9L0DxG0y1T9P6seAYomzt0NSOsOHdOu0i6g=","IDkewXu07B2x/AZq572u28lOIHb5a8rA0GmaRucsO4Q=","v1TGAuNLa/hG3/l7NIcL9l9v4zYpY2vaSQIhIsuO00E=","wq90AHjDwkMvvbREvCUf6UL1JEvRvNQ+CkDMMmtQ7vs=","zno1bgGuvSDMJqX/Qavb35APwLjymvuNckvN0FqBzkk=","OsZICllCzQ+ALyqmsb6jLwcHyZJ7kZYmbOY4I/EHXGk=","1qSMtDIqZaWkXx4tKcSK/+ohjVFLLNegevTovTpKE5w=","5fr3eDMu0xe+26Sw0TxGrM1ttbS7KVISKIU13HuW7bU=","IACJDZSvxCDAqK0XRupDCOw05aRWdVkH8r5aW1cPQgU=","4khrahsDXn0klWMaEISXQPtGWP5g0phakWRTEbtcnbg=","phvODMGLHPInJ256T4C/+U1XBp3Lcrz3Ds20/wmXxHw=","Dja+i9Bv5UF8405mYYdw0RSijSZetVofQP9ELJvTP78=","PnHXAby99Wsn3Q0DRYKjGn8mwhPLBJqGCN70mOP92x8=","gQbqkINocXlf5x5B1cuRjY6m1N22JOiinENVubjoq1M=","iaHlad47N/hsWc6BasJq9YN3wrfqTGy4AAnQH6o0DTs=","kFbhf8tnfjyfLL5pym4ehl8XWBkVU7oNLjJ8iqqsDNc=","vFdlLD1Za/L7wSsWaxofCVFh2jO4nrYf6SypO1MH45g=","+w0+3xnweHwotvhgrts2RrEqn+faKIik0/2wX1o4C2M=","iPXxGtEeAmTAAagaosDpNFZUDctkyWzzH0HrelCbEPM=","L3RfRepbzMDhbQ1pCgHepUzDF3cvHFGw04eklLOCpB4=","IpjJwIyJp/iYnnNahprZCoGE6ro+KFlgB8y2JOAJK7Q=","blj7V8zWhTXMMFi0KP1zPrvULyCgQRdbfDx3pCXsU0w=","MCYCqqx4OuixE1bYjPddsfYqF7GjAdzqNS9ePIMep1o=","3qcY2kUIVuC5FmPsQutmdvCrLhZPRPD/YOrOKXQWY1c=","wMhKHL6ugNqiign1nXJ8DgMKq/ikNvAoZsrNIBNjdHU=","P6m8pnY3ft/YiwLhRvuu8Wp8qTAM3sCSXykdzQMK/Ns=","lpFCBeDZgfXvFQKVrTlQXn27TnvfsbmOfhhOFBbcK2Q=","pQcalOp2wtktw7TLtmv2UIO3w+Y7QTeB57MJT+ufyfU=","Q6b67VgzI7qkZqEPi0/oSKB+GTHWi4gUnLNarJPCW9o=","CRxxsGpZWUbrsDGADgXltrHYLUVyERqbbWDuwPNU3XM=","ArFo7Dctwy/bcpAXXbcx9pPqMF3sJki8aL2nQLzO4Hs=","ps3T/TC5dsQw/nPurDc7TzIlG+JHm8JZNZCGxdbYP4g=","R+2j1Ft2CSPzChhh0p1NgS1/U50r8SqcPtPFQf80Ieg=","Fv5PHtVYNsfjzHZ0Yo22Vt3m/4KX+CZNe+WAUjfvK5U=","fXT6t//x9d2o4yfBwl3JvZEwb7B9ybjSEWdMN+2oxn0=","JxlRd1j1Z3ledsc3cPEAOuDsxriBn76MWLb17GT+XVU=","cXqZo2LTZsyzhq7Y2P+/j3fCr5NS1QIBnwd10J+Wu7E=","SMgkEVDURZG7Z86I23NAEIN9pJbABsXEANpXWx8VsuI=","rNMyjYwEbCVXi4WG8vPx6HlYtTUeoLoEhVW8oNlzv68=","HFlq6GNaOgwrpBsJYarb9Zrn44y4kkXHYcpIPVPfFpU=","UFD/9LIyWvOWMSL9oiZXbKNjx1p2W3Tx+v0UvZsnf+8=","XXjs8l70dQTG0i1mglxQusu/aEAP/WequtdVMT8r9gk=","KTu4qmb6cCW/6rRXSHuZ2h2CiwyjI3/ef6RdV0Kyyk0=","xk+Qo0T4tU8P+m+0KQoNgsixPma9TCt6k9bWeY3r2Ak=","XnJR/fsxGYNfEEO1etCyg47OZ2/MUlhAnTXorN7gi/U=","jc9C872/yPxnXH503uLDFgGzw6YMMtkxORYov5SCFWg=","XhyNJUPE83Cw3H89n4OvxnHE5zCPXuv9HUB9dtID+fQ=","cnDVT2+lLVsRCigm5H6nO2sNEjgT31DCbATRug1Bfpg=","xRubG6bNq3edkm1lJSMalSVptKX22IB5myCOH7YRwsw=","0bqgJZgbwPBVkDzPk0d+nCyy4CCK0v/XdUAwgpu08bg=","CeHT/fHMnHdI3Sx1K9uck1fHY98CFXKSAKAkVyvblq4=","DF+eT1FFwGPRTGivapNWUYQFz6zg5KNYhoR9VGYOYJM=","I/HE9r/4IYdji61gDAH0Ap6r97VdNVsjKbj3LpOFx60=","WE3a8/1AJKrCHAnpxGyMOdqBJIogV8BtPm3KIkCuVks=","6ABgV3aBaoPJZIjreOsad0PvR0EIU9UMsXY6pe758DA=","EdQmHl+QlErvknQwgfNtgA3okRPIS/1clqIrwgrUNrM=","v9lJiRKwprqhm2rzbTUUyPPgc6Ktmtg2R5gvvuvSfrw=","n2W4xVbn1a+2kKhfo32hZZsajXcGM1xJisN3bff1okA=","4WTKcZGbNtHQflP2NZWtCOVqlb/3jgtNrIaX0//zf5M=","bT/gsyMGYKm6/46g35s5bAno2kYHulz3GDBndSWwVbQ=","MD6sGt7Qm/WmXoBhlb4WzKK6o5Gk56LbWl4tH1SH6Zk=","7eXUkxL5e2z21Pz6thbyvYykp/1GE8KUYhygxCk4l2M=","CT2wuWizaXKambQmXjJVkgp75KUVhthRK8T/VlIFiRM=","+s9plqF6f0esDZWGhhsbAxY7plR9aFHm+uKdredUfl4=","pWL+mOnNblu7iuHRGWJT8knZiAI8mBUfF2tJ6+zv/Jo=","a091AvPFg0kcBcaFTYZJkO3lIScZnFW95CVNGOl+C8Q=","F++KhjThs9dmB6+xGeKOJwTDChJABE6HRLxaxnTjipQ=","IYmVUynNKd/WqvZkBs2yfeGr51kmK0PpwnNyNYABOoA=","5t1yCdwwB2HiJmlIlgtjchM2ugY/f7fQHsSX5whnxG0=","OH1E3Jh6wJc7koSZK1lNimjJ0xUkgvj5V8c0xsPiF6Y=","Zbpb4fcjO7C2g2GF+eOvb7a645QOf6lro9dbFbR//Xk=","eb8II0AbCtDeCKTF3p5uGeC/lY6p0IUuqsxuJn2LRYk=","oJt4002ZdbgwGPOrh8DCsvb1UOiEU/VFb7nJhRiisPY=","69ULxpNUbCu3pXVxCJiHEkdHo4uoqHSgAV6uboARuCc=","12WsvsOD8jPxG8o/ZFUiauNZaXMsecBrMi9iIjxPF5Y=","o3h/CgkjrDgHHw7dt4Am0xBMb34KCyNX56tYXhChUDE=","A/HfBw9tRrn57WafwHkvBK8psFMqhstu8q6pIZocwrQ="],"block_size":4096,"path":"build/backend.js"},{"block_hashes":["rddLR7pi3hkISItsDLz5ul2qxapfqplV+4mH7iSTF2Y="],"block_size":4096,"path":"build/background.js"},{"block_hashes":["x39qX9O9yFosmEDxdBT+o/jdB2IKikqxivY6Ce/BUfY=","3jlZzbtg2Is3Iy4dlPtgRgQH7X+rC6633IbuWOZjmPE=","tJYYlIzBFIlOaz/tv201yMgMFZvQZeFdDlR1rUVlemY=","UkgFctHVPjC2LvxkQWR/8bW6SGl9R4Fp8GxJspXa6RQ=","hwvVnDCcno93TcuC5vY51lytJkx0JiOeAqLfOSS1f4Q=","gmtCJ3ogrmY565G3kLGmN4MNEalyIGLxxM/SNpkPo4I=","CzTDr55F49XxFhPlxNV5uMrSfaZ+hl/GWKwNdU8ssFQ=","VUPp7gQ1quFscQas8eoaKu5BV8XkcIFeKm4aMsaaenk=","zEK/Pa5Ata6/eFRJgYrGdHginDo9Fon+V/COSJVTlpA=","S3gofSfFcgG8x3AOLRU6AESeZKZZZn9bCO3T7u5ksuI=","SyIRD465GnVWgZyfMLY/LqiVLBMJhoatag+GxQxAfgQ="],"block_size":4096,"path":"build/detector.js"},{"block_hashes":["+MhbWsIpAoxbfTcXMpEO3HCP6/UsjtY7rUI4n/N0icw="],"block_size":4096,"path":"build/devtools-background.js"},{"block_hashes":["pvlQkUPjnBBThU3Sh0CB/Z7OHOde3qO0kehEuvswXrg=","upRt2AheTtMkCdPGIkRyMamLGv0pKwXKoCqV9pG5b6E=","ACM7WFCvRbBkYTWRTK28yYsCNLUJ9trIZdTb5c4T4ko=","7Vpm/v38HodWkbXrDAJZXhhgfQu7URx7yukRfeAvcSE=","1JXHTdWQ4R5pP+mQg5qOeaabiUa+pMbvTSKUIJlVWB0=","pfiswgvTIWjPEEm8wXyLb6qUmjzBh0eMgMtuqwfUL0c=","nAktxeBnGFy/7Ls7bHIVXIo94ond8+yi4CQp9Dp3pL8=","exUeFUBZlyVIhNE9FbEQMsP0SCT4thy+MNrLalZ5vNQ=","qKfm5Lk/kC9Edr92cWtqLpWmkbF/VJNxIfHmoXDELr8=","sXbr8i/Bohfb7aMfwso3iKO5sHw3EUGFEcXfvn3Wxxc=","TecpiU5AWLHkuM2Z3e8e+YmAgogXv824W9uClMBfGUo=","oiGdFnTXx2ylqA/UOFDpv9oX75PonXKp47S3nu0NY4Q=","S1cWNpJyWaBkIvE++xaYQxyTUUNRdQidb270N+X1W4c=","6I++JnN/tT1f14JMn5H2+mAtWjD4fJ5uER2zR+JCtnQ=","QV+8btwck9xM6BEmnf++QYahnvBCHyM1AhaXs6D+fdY=","3ppp9kpAZjR0sqvvvPmQZspkNuaE2y9JgEgogqEcFwo=","elPOoVoMnipbNseljxlJho7rkO3Hz+mEsLtOWaNwevk=","q1zJBTBhuLnlntehEcmTbtniCU64eGHtx2BRoXBhekI=","bY4pt0fxykOpsWRxlW07OGFoZEANhhHziOC4aHQRngw=","RqkUt1qr/lALnR3bETV29yScG+/O7Ti90jYWEQcVESU=","H6myIeB7Ib9kpDN6OMN0yFiYiW0Re/4mZ1exaGj1OVM=","5xoZqaxRpmkNoPKvnTZEJr8gK8HWgSrevr3WR9zRTa4=","3f/ZpLOL6rzjZggi1XM7icLInaWAl3CnAazUKS2YSlo=","JIWlL8XVzghKbkBW0O4QQQCuJ+gAernIS3Rq4FXKQCI=","l6aX9isHfPQERPHMZT4zggwyUdqxlZ0XtwjkmnqM6Qc=","lPhybJlMEbTP9uU+31y4OnOMZoIDmcDuq/MhdpB7lI8=","qVbxvTsOpCKOm15v7T1uvtMSycPvjK9wZIYZ8WMfFpQ=","/Us3f/aajHSw9hd+Znl9Dqawpd/OYZnfNof/CwMG9lc=","jF9m16w3pa5PUnjlWO2jVspqFYpwkn01vEjB4YkKeIA=","H2sKjqHqhlKcGd0GZ3jwXfHaXQwzclPA21l4LNZX1QA=","WzoJl34HFQJQN0N+SxZopRonkqAaEzA47MdFq4HZ6Y8=","lTrakCcQNyFO4M7LKuTErgXvSi+/vRKJ9GFjuCb0GM8=","yBWcpJy5WhuUuUKiF3NqgCix1zAirGlGXs/lplUbxCY=","vUK4NPfp9WpJ06C5OMqinyUICLDov01rnuc8KDpPfB4=","EDdi92NKkv65j/bKuLi19BZU3Q7vA/WP9Ya7EMAJI1k=","5c7bC4M14O/R8X9iZflynxhlG7JY7Gs3ozG80NmALM0=","Q3pcPyrBXx1TAh6r/Ieh9BkI2FvqdnP9PV5dA5YqgpM=","yb94i+BfmxPb7/ZpHhJVHARlnmSGZx4R0LuJClYHEk4=","wpQvXPtJifbqSA2OAh1dGbBp30JwHe7aDOJhehlDct4=","+ZYmGndmkLx+TZwRkT0LRtJMxi74zXGnhli5uGFEC4M=","CyDBMT8P9TG6R3dYEoJHoG1P0q5EvxwzIBrEKQ59mUU=","FJYr2kvqikHEYt2u+BnC7ExhpOzHhlk117swaddpt9o=","TO6X92U5ODzTYGpoVwWhaMV5jhvx1mV1yeq0XyRYqrA=","LvaRkZ0JIU+0Q5D72Rh2N088QHLtWT4vkewniE4LNJE=","cThFT4V4aSf4gDEzNuSMsVDEEta98KCdUrjTpVDtGTU=","p9RqV0OL1GaUy8Shzdoimr+bGn4d+ZrgT9SEApoAxTQ=","NVUjY/dWhtwuOve0WtKfPeXGRmYRTfN/d13ILu4Ik2w=","eixV6cTw6SuuXqyPRPrgYvYvSkG8gFotHKpQ8xV+jic=","t1+UHpGCEosKH2vYTXLHD6rfKAnjHPi8dhv1LCSYlCo=","vKAU56Ipx9d9i0xhV9/njePbtJ6ad3nB5gnyqs5O93s=","d/bni1UUQUav7WPlguB2aIbzXO28NvrszbNp4t9cVDY=","4f/DgTlz4lelk4b7uLLh7DY1FObL1++qsKZ0MDSEsyk=","wD4ICvXvbC+eXsFRrI79Uwn0zAsEVB+pW9h5jFG0odc=","RJCeby3fjlCOu9cJpGZ+5NwiwMrdfXS3218PYLcG6QQ=","5r/JMtJfxthhqCKuEqNeznPlzztPPUWtdfbxrioKJu4=","/yeimx32Jyc5fAGCUKBylL10OIvrUFH6jlQf3zaY2O0=","bAORQZ4DHPztV5Faf+iWOcPsTRjY6Si2XUCD6dsNdTI=","vP/74JEx8hMEfm+1hIukGKRQTDNqnce7fm9qpHxFvwk=","/W+vBboCcnxBnifdKzzL+DtK9AERfxIgXDVG3zHpswE=","4rvmOeDa35b76XsSOdj+eLp87aBxWh1DHBySWPBvrVg=","1oQ+QG6iGRRAJ+C2PJ13gAu0thjyAkJ6q2HJKo1i32w=","84Reo67pMzIyOmfeww6g87EsRB7WjBeSE44c6uGQFc0=","FotycB3lw09TqET3e/8ZxjSy9qRoB2UV6HnXUEo3rXI=","7+8Z/yMR/mPeAsVVHixhEfSxKKFuU9dlLf8GHMAIb9U=","Uy3ySkyj1aqWN7Xf75MvJX4nfFj/9OjdMJIo/847TgQ=","4fzRfNBs4l92oPL5ZwrjbKfK4ss4wiSXB5INwmyQZac=","KJTUtIvvi59zkZG+q1+et2SIBHT1LQfNyxsBrB5NEmc=","vinK/u884k5o1Cra+D/yjKYAFXpIwyUtCRM/Cg9OhFQ=","7VKm/xaiYjZeCJDXiJDyXT5xCi6JcALPToMbqyfd43A=","gvbEfBb9KMTFTURlD4ryPCr9A1Lcxl/z2rnGAeB8Vvc=","HZg5shjtfoAnYjtrhvipSjvAQ8IpeJOUYT9nMwTrc9c=","vVo2PkH8s4HPub9T76DV7TKGFheiMZG0nR2ZHtwdkIo=","5/le1i2aSmMAf1msJNMFlJ68G+UaaEJ2dmXHxucsSdk=","lAKje301C6txSDekhidSO/8oqdgwyqgcUQ8cUfLEmxM=","UmavTVkZonWGoV+it7z3WrFksgQHmxc/9ivjCDUC+Zs=","IonR0ebEvujdjeH9f2rXAxOKEobYqUvVP5KhpS9n0QU=","T6hFFJPBD3u9v3GW1S1wHWLitkU2mGsEd8uFbChXhJo=","FBkYH9TCmQIwECBVI4qWVNwbHK55XwAh5AaEjfYnatw=","inP+8FSeJkZw1MZOfVO8qzbRNKm3hmpxZ5NH3mBW6oA=","LVXcQE/QsbU4d1lJZwH1AcnktX9w6qM2ASmouYcOxPM=","UVboCettlKsB+5FDFeKtJDdtH56Dn8yxJrf9OpI24Mw=","r6EAgt86uhth8ma9H8oL18vq0ui7LyWSeCqCB8TCidU=","l31QbyouArgW6qgPV6qFPIIx7kUOqtIk+mFyK5k+Qgw=","EWH2gXUYPfzhwufhB30Ha7eWLIEEbuaFaL9uJoMFRQg=","uFBkMdQ2msXn7cVrWZXcelnjmU0qPBbujkrpIHWLOp0=","l0zo97ae53MT51NkaZdW/V/1O5Cl0JECN10diwZN1ms=","CPJBEX5RxEK8KnzHxjvQoqh9TJ6+D6t+fmgxgArIPHw=","YzA4Sncph+ms5DWpY90TZmfSuDhDGIHWTYkgbtyhQ3w=","uacHeIna/X+PLV5cI0Yb9w5Nd9VanXRfDKYSJ0EEevs=","W6MSwaJ1nHfCMSN7Ukojh7XzJzdCakvCkKDUGgtOOG8=","wNhsAPnybsQlJsXwwsJqPGkWmZ6+Dz/uVfOpKZri32o=","II0ohbeDCp7+yMArpygjyirAKPTAhK+n6E8AoecBTUk=","5vBnZn9lf7f4+lAo6h8qUyLmYDKX6MVU4VtRbV9p1m8=","iW5HYpHluzZE+4aX5nFf9Ovydrz0yf1JeUGggggN4v8=","qInL/JemjRaNQohvrKa0kssc2gPUaXCKzuSuqWqj0I0=","hMwtMadvjIIC0kjBIKGgakg/3E1IaD1AXZYMqKl7aeE=","I05SrnAh26x5o/QHzOfw9q9sJH5wAz9n85vTss3/ooc=","5uOYHH0ZBo81TKRWVMOcA+kRWa5kLrn0F6T+N2yOQ6k=","sX1yVzHwgxtWM8ks6vlBRkywAxSuqLxcxdHrQvsPNUA=","45A9+CeJ5SHhII48EKnwJgFpfwp26Oh54oESclGdArA=","yKNkUeNQ6BCgAJP8QyLyqD++fru3atrWcaHzXSSGQ2U=","+zkhpY1vsPSOEgdNEWHrszTqQaA8yI2h2gbzVGYD8kc=","mVQRu/IZFDvL+aLqn7cLDoClVYkf0haqp/IeXDwCD8M=","gp2pyNrBUqxbn4OA+peVo76nCSJktuhY0gPq0zF63G8=","0YWvyI3P4g1QDPQWrfABjLyZ6om4N/GlzXEwudcZEC0=","c+ZY2z4CRGBcw2JYTlicvSGG75LwOipMsHjA0GK3ibc=","IrxwZ7CUM4XFTpbVVr+YsMXKY3dz0lFmB9bY2W2v8t8=","xm2Jneiurr6c64PoH1BLqesQDgArjZCxOIkTIKUJp9Q=","qBNEsIU1/g23VMj8D2/cE5E/3oiXJTzqkiUkA48cbgk=","XRpN+tDye3OsAdxZxizUnKomX1tH2lKJMoGcF/xF4KM=","mWZrXxCuvIV8WdAbK5X+MccETxDU1ebJCLtxO2p13i0=","sQ8EB4UQnzBB+fxlrLdTCTAv+6ECMaH6TcNQsBNe3C0=","yMksxAhljvhoXD+UrV6T/vuLISve23XTymsQoRPOjnw=","ybYs0Is+JVgwjOmZJ41VSijED671DiaEqvJly7gPjdA=","nCwfs8/kScoPFWRvm7Iq0fQyWR9S5sv671qoL/LcBTA=","3vcTYprCqiOEywM4aI/X9uIjdbPIguxY7t80W5LDx1A=","q0+UQfOoIy41OIxzfUBDMstl7+B76FCl4UaV3J+vqaA=","Mqwax4Cvsk5G8naP54ndfWdB2UorUB9YBp1UgWVu9MI=","N+PFvyIFy5LSRqeuP3Cf+3zRfXNgk6L/oOYRAVrCghc=","HjgubqCume9b7NiPu6LZTzxYrtaFHSO5j3fPLbjxzBg=","E2Rpnq/79Xp/vIM/w3RvEa8QlEqO2kebpvIvGOzrS/A=","T4NYebOJpfFsF9Xgp2y23Ro8YWn3XeLgz0z+5om+B+A=","cBiAERZqY5E7tx1YNk54g1hacWw/8Kh3NQ8te1XMp8E=","TNNfJsGrwh9AG3e60t36udpVoo3qAXWBi+9LBYsvwpE=","GVy0djQrMUrQEmAUbj8RFKRelD5AUmDD2z4A4PpynOg=","NZR2DFkzdt7My8f7higvEWDOWPgClsScHk450A2Ow7Y=","G9sDVQtVz1ITmmLcMDgYs8/yP/dB1sCF4+0VCBfege0=","SbnHfzSCJyrb/qlqt9KuNCp7unJbWADwccCrEJYQlCI=","KlezgegFNzpSruvw0DpfMkgdDm4g119w4lcMHYo0Yxo=","cq3gZBhciqa4sDqNUSKO4INqSrQjITqIc4ggWrLpm9w=","sIvM/x9NTiDHpJmp5ZSnEAOL4v9/MIo5/JQU+aLGvGU=","qKT6GUzZtmkMmw9fbila4mdQzpTAgRuiqaaHJKYkSQE=","3z+CuzD3hnd2aKKFjxEeGVFS8K6JMkuhTHw9zTOWTAI=","yPBBAwmrwYnLAGQZ7b/NXgV0/4+Pnh3GrrJL0z3bbhc=","gRwTU6r53LE/ZomYnAAbuVN1Vjfk6FkLITJvXZoQLU0=","/eOix0G5w+nOJ4JAwTw8VZoiBli7XCn2aGs+gYTAI5U=","zAfza3nsKaHkVa5+jVK02fnG1AwC2gJoY9wyXTJMtB8=","YFbN/jJl2bJJdvI3GB6s6m/m5f+UwQm/Lk6R5J9mKNM=","r3aIteTMwvtZKZ81x3atnLU+N7ZkHzZXw3zn/WrMsrU=","1xgFYgO5eqMXEunfTCBwbjVoXwlyC6f2Z82DCrPtG5g=","QEkMoT0bYc1/2sbaeA3VlTfd7YPiXCm21J4KSoCczko=","S9DV0lP+WmGUkyiWPIQ96Vkta/NBP3EBM3bQntQKZ7U=","jrysh0mk9q0hmZSNKQUiqZO7CGGIPm4uvVuQf3nBmzc=","cdYUc4b+Mq32R80dH3ABiTprl5ODI0P4AF/iZpXS5l0=","pQ+LFpwhMnxn87cwiYCUmrVfJjTIYNe9ZY99k07McQI=","fSCTcOiNCl8Aso0nlFA4NjwchKitQmaCHDbqOJjgF18=","J4hyTf1uD2hdh/dcYozUSREyKebcDQsd4gMk0ote2tE=","t/Hoo2p6sR5OSI+e2Ad8bQP5o9QxmWydpzMPVM5FC5U=","C2+xYIORaIpmYO7ShEr9iv1fBz36OaNUyq3GN91p3PM=","GAuKwcdpuYwX+Ra6EVi3/Llob7bRfC3ZbW3NF5FwZYA=","j6O6FDE3p0jUJ1odXoUmvTcnYgRfQxUtYe4oubzD1XU=","fFxudaSq/mWxngp2WlID+VpZnsE+YCPDrBwMpwAzoCc=","10h3vYI4WXibwn8WStPHkljvYFvXqYlIGAMtTWTXtAk=","3UErs8fbmz0U+ua0YJzyjc0v9tcbEJ736Sp/dBUc3lI=","zdyItLzdnFFuTf1CWLjRddfHzoIAPfVsCNChivZ6sAo=","EV/Db02XO1BYkP/fTdHvmnYG9W/qIQTKalgwxmlXGi8=","fcX4ugZTWiyRJPTnp9NYJaHRo4SmSMSYp8PukOrkxKM=","F5SU8Z3BpHNKN8IOwTtGoM7oe9d0adr+mBLrplIFWBE=","Ku7u/ZQduwZI9QRvLDxsyQV+pzn+wR7p3qZA6L3n76c=","M4V384ioqzdZN9+7t5KkiWKfiwu7yM/0NO8TznmCpyI=","8J3qoP3VkbizP4fGWyG0ncjya6Nfev69XzZXLNfH1xI=","GYWVfnIGZJSUdTF+gc6KJ9ssU9ZWU7k7YqHId2Tl9xs=","UcnVsTYTijQ53NzuRRCl3WVema+y3JsB6iU3YXC8i9k=","wMINCyfDhFvCjy9uePCWYdJphA5CwT5j1fpApJ26up8=","3lVTu7GDe1DOXR9oPUyq0VcTt/aIxyPtq7Z1IEY9E4A=","5nX/N91ojn9B3GvBfa9/wrLB3VCP8gYhA3DC+RNaSvE=","8+zCN6JaO+HEDKH9078ZsSUlHKLSQvTPaIyHccgFPmg=","58iBeXRWpSmDh47tHX4cRj33Fbp8CVxUCrXhqnSB8nE=","JeuZQ02CZocKGAiL8qjcOTSsHObGoOd0A2790AFG8no=","tOhHlHJ2kEcDol3QadzQmFRPON/sVYHrFA04bgMWssQ=","QafDbouNXwW7TqFOqhmGr1MYWO3Rehfw9bUq+oJXslE=","ckr4+dKilcDUwyBZjPuuiPuvxL3+otWcbd55bz6rhpY=","TdxmG2HXUkgkCPiYXgWiJ+wltLrBDLqj5IbyvluGXW8=","W2mdQXe64hogi/CB8tXSPWLwsC0p27gAJeKzylLpb8Y=","RAEB13dxXqINVgRvsY6IIOYLjQXBbELUzqAxBcAP9Ys=","MQepdWkemABQY/glqvu8j6ZUR8uUcvcVrx8vss6WKpU=","A8wbVKVq4A4xxtg4AXxVuyJ3iv1ldIA5d/7dqzeMO6M=","0zItovWR15wSbkUTVxPaqfxkrDUVQ3TZk26wuE2ClW4=","UByF9hL7y9fS1a8H5UwywU/NxKzAb/KgAIK4IZvFvcY=","yS/ZZzwRw7RULV5iwv9Ny+eRjduWNlI0Tg3eNa3k2M8=","aOiNqXJcrV4fome3GGy/SLdv4jdbHPTGdvfdWz7Jv/I=","p/OomPGNZA8fRzyrjTlXA+ixoyqJ2YuaIb7IwZuNM3Y=","5BQnekA2qzp7zcZFqq4hM5c2eFlwRf1HNYx4xF8AArQ=","VnZujd4zlspjw4z7xYYbUzuX8bHgXu+/oNexijRK+5Y=","EMOUTLuyAsUa4zODdos+UTaC1sp9ONZHzJjAM7rQMtQ=","7q1dj0wrRU6iUuwLJTNqYYkTpz6cHaQRa4taqYEumu8=","Cc5wNEXrw3gSgGMS+pWhcJeRF5QVyeC6HH/kxRheW18=","6/nFnPjzQBJm+uzohXJeBp5QY4sxuazXTBJlvGndPbc=","4+KeaPssko85lOibrT5jp48dlowHXycuzhmzcEfnzug=","ipdK7irG6TjVVyO/QI4+a/whJVHl/lqDQWYQdW+rHQc=","LOhBxdRSlFyC6n8r6jl7Shk0l8QJHM+e4E1Da45Z6zc=","OnmHaikywOPkL4T5qDKNtxuJRQJluM9vvghK362jsiY=","3mohHZ7WSQe91vb1pb6SUIlbcznHsMugOeTlkE2dTUM=","VZfsJWN3idOdNQtK3yPWGxFMM3QDgjQOSP0Eya90oQw=","TXIS5jQV2FTSUGfU6nI5+HmS3PQiEKGu9UFQAM5jUPI=","DeS2LGVNY+pe//uUCjuUIrNutetEYZZ/vKXOMIn/8NU=","dAHNzPJnO/P74CGXP6CF9a0LTfmb5kfYgtvJ2JtLz2I=","JUaTb0CkG9L5Ho/YU5La2m7FN1GjizHGLOxfBAGlqxg=","sRG+tClObJ+JgCQ7WJkezdqpdZpRUqLQ06vsuyE7/yA=","Hz9kjSmw0iO1sBakcaDbAFWUlCyp0zvF5+UXm/7y3xo=","DyrQtrx7Fxwu255npofSrmnF9C8UlZ3aYscFimHLb2U=","9ST0Y9JeGjIPPOs9WJh4VPezeXKcHGBiVEKXKxYVRkQ=","EPKuj+x9Axu5ykVuLDSKIvJpRt2lis7JNZdsk8i9iso=","fbMU8hTw6MjNvRHbbAMBmvany2PFsn7Ofa5Q9xZwBzA=","S+9bvLYfMDV2gHZXFti8e+LBoCl3DsRZHan/r+QsfU8=","EQUYOLA0TLYx1v28zgj1dwJztPHejocv2SQvl2HP25Y=","HAkuErowy7jTldZX4fSme+ORMj0Enz58EXIvv8DuVSw=","uwDfwSlagbBL/MbrfHgmRRZqBjnwJnd9B2ckI+c7SWI=","QNplG7zXhXjpb8x8HaGqI5nqFL5vLq1/39sQnkYNAtE=","PT0bNU/jC3fgkD+D/YyeFBQhAm0I/2eB428ViRVsg2I=","dOUCBwSDSvPZGZO374nrTU9YnaAXcxKEVyv0n3Mzxcc=","8kpSrElDuEAxsAEC/K56MVexOeFiYQa4//WHY6gkLKc=","nBdI9JHYejLMnuAhdS4y99dlkvspC+LZYDDtPY6E7Ko=","z6XC8rY0jpKvwP6WCi4gjxA2folKrIxk8rF/iLEwZBw=","bQdpGTaIKpvIBxUcMddzBfyFBfWcL4rjkPDnkU4nlcQ=","GgHaHRrkcWv8+bfqANpxB1VCCHPww/oBlXb5azAl6C0=","dRw1JdVDc/ZOte6wXJlac5Tq9it7YyEGy3PlbdDQdkk=","XfOFZW1mEnmiwTyCW/wMSeBMG6dixPqpI/DAtOkhJcc=","qWUBw9wDTDW63n+Y/QmRMKor4RgwQJ/N2lidUwFVV/I=","c9eqloWuvrADiXmiA+hpYEXePDaVkR2cOOnCR99PhDI=","i/GZ46SIYwdG7qrpDCd5ZQP8LFcKSRJqRz41GXBcNIA=","uoIxSpTY7l0V7BQZp+1Jtw0aPiyGhSHZF/xivnFexh8=","0KLKHsjDo4k9P+nYBNC4O0+T+oeT+91JwmbfIlAdrCs=","UhV4PWvlxqTdnpygd0h5NRBZsOsnS/QvYidG7HHF2fY=","sQEoTns7HQAPEso7kC3o6dQ9+6Roijll1JfQ31jpYx0=","T5iGdadU/WG55DEsqmWCBGM79/D/vmsY0qZIAlmbm0E=","29/TJY/5CT/H97EQm+Nilrk5zeBAk7dqQrXG6jIK+SU=","258dfx5i8W0y5U7hmU9Fs5rBiIWfOTomdU+xTAFS3G0=","9HRwyTfHqUQJq8FmjNBq/YGRponC0764sDBgZQZIsXE=","E6azVXlaKBaD+9hiE6gX5+iOEzCGfASLI92H8j59lgw=","zlKx5RjTauQfsZwIcnEh5u/CmDT4ZguP3GuK89XGbcs=","PMFnVo262xvzYpX3nM6MIz3xWoWTNQ1/dde4I+dvH5w=","WeZlSOgv5Ko/a4Qs4BUxeWkE0sFFQo9ZjouO7juZikA=","UmKITNMYodAdJAT+QKuRKVz7slMqFkxXRUCwE9jG9k0=","5RXluKwYTkfoBXUEPp7X1YAf74DSzZuWeHg9b8rpAE0=","T5Yzs4vGFSCCWjM9KuDPj2SKN6qQisvTZAV70+y3BpM=","Gy4X+w/DOwD9UKUosA0f/laaBJ+QiSqsAbVvR7T1wwY=","2+WaIw/zd9R5W2I2Zu4wGYI4ZoYM1Fe1gGdce9vl3y8=","Hk1EZpecyJuDvgqgsIGBBtXByOlYpbb/X1kDVYO5FnY=","D+O64KePoyPpR2c6m6pFwIUOAFStHpK+859mU4HWhQU=","yaUEWNMEDTq6UbMbtwVW9e5DrCFJIzVk6i/9s51Gjys=","yg5x05q1l+A4srNsGGCYofnZuS+ezhIwCOy4umOGvbM=","3+VLR4rALjc8i1u+ejV6FYi5TMhnngtdii/oB1S6CII=","Nu6Bf9QJ3Gbn1a8KNAQtuXiXSgLzzI6rwoGZAleTmIo=","csnSZWmnRCweC+m1uJjASeZe+K2RV+Z478WCB17w2Fw=","DuFT6r1Ddo35Zph69ml4kr5tdm4B5TTmppFR5GNEvMk=","dPom5324ObgbI7E/TT4XyeKu31LAAyLeS5qkfSNkgd4=","SWlSvKisrTBmKnRD8pzo5/jvY8VJ+Dyz0I2dIdtnd/0=","j2okUT20nztfYnNhV1xSqnNGo56YTLnERoExSfypT2I=","uuUSN4x5c9fyzPgCdOgqc4tlt3h4hM2Sf6JtQXouRKs=","ITuq0GZi4SDbQlAqsviffVrkbncS9nWwd/OcVNwHDkM=","KEksM4/Vsox8NlD2F/PSOp+4QgFfk12hb2Bn2IykjDA=","kTbZg0x/vUb9eGjwHPexf/zbK4+YVzU4KIPXpVO4FEg=","SWkL1znaB8hX0MKF8hVLWyi6eYIzK+nd9+aWWCHZ/7k=","BAj74aZmgz6gSdtLUGzHy4hnSTMX0CauXv2zvhGvJBk=","evsubtr8kiKI2vnt3lhmsqWk+t6uOXPPSR7h2M1v9bo=","J4Pn4ZxbAk8+YEy4/2jM6YQp1IuMwt5w5qWrPGJCrzs=","qucbzwFUVShQXBSoANLHjJdsh849qE6mxwj3rbta35E=","EXBCmphjPNaeEL3YGiHE9S/JtNfFqcx/UrglTojfFZ4=","ZT9fOysAQoncQ/CdB8YR1g3QaA1aReE1WtD5qUMnB4Y=","luCqPS12B2/ZExRe27cCIetyUrP4yiJa9EbXo71e0iw=","xsDIlzlVlcPwF4oqYBOnjp7vvQwB1RE4lxm4nnUwOBU=","2+UrrfgD/SBrOQgwOI0MpH/4XcoVbZGSbQvPurFfCi0=","IFLrx489c/I42zLGebRXI0aAcZ7xNfOZ06uQym5a3c4=","hRXt7GbHyasnC/JQ7lJOj3viV9PrhoG0P+gai05rybM=","tziSyGhbunRPxTPS387cUaQJEDDKW0piY5l0KZ8pZzQ=","K5QEJ0sxBC5zhIaN8ppWpWct19BkVGNmNCIy882Qs8A=","1dMaRe97Tb021INrJ7PHWm8SPqP3F88l9gp4uMW/dI0=","bCZdRgpBfisBraM+ITQrYSI4hovlML1NML7YARybJOI=","iC6PoR+chnJi7q08S1VLQ8rx4HPn/9PG7PVEGCq6iR8=","1OpBhcNii6hSHcgjwvWxu3UjXvadAFpvXH3nMgq2aU0=","rLpOlikBu/0FPmyjiQT/uHgnYcpnGop7b8QLgojLYvY=","PcAeu2Xe0UnvkWAwtlbDqVIJglmhiyp5D01FMdkNNR0=","EHdvve4aUdAn19rYgIEnBviMX1ZGaqHgwvrENiJuy9I=","NXKoommj0TIhlQmyh3bUU7pGEGohnU51FI4lAS/FnuY=","nqQDx8OnmpeGyJE7VCBo6KIP+CEb5kZOTvrhW14HdKg=","paO6LnVsTzUmVIjdSlFSKALxf95kx3DL7NicbJmgUvY=","Q76WEwOysP11ysCciZdlQSkmEE9brV651xH7G1+qQTY=","8e6S900M54UAq9gcmHXSUewV5G7QZXXCwKECBfPC8WA=","Xg+YJ0tvhLOAsDnirwcoIr4i2TFJj/VM4yoB7Fw+auo=","QkejFxZUPjoqhI4ga4lhaXKoZHUK/IQNocDsX5b3+ac=","rUd+s3MkC1eS6G+j2pSJ83IfyfBnr3LQIXUyWNSXyt4=","rjvlau9F8uAgHvTQWbMWDl/GVTV9zd5vpYt9wqCyvnE=","MI5pM1ORb4nyYACVTGhHkxIBMcqrAcD8qE48YzoWCYY=","qa6Yiefvw6Pi9jPRY5uxULilk6c7TnUY9GVgN3L8nMs=","pH0A3sfxZKiM2sxAu6B64O3oXRkx4S2tx5h3Jy4t5OI=","JN5z5zptvyHty/CwJOs7RxPEA8ga8ojnvgBIg7giGos=","dXuXSFRRKHs/kcrgyryas2sdXT0w3qGK5qzRkwNr7UM=","xcI/sUYyQO6Am+JX1KkJpljsOLVl/Dd2Ujuk4YN0yCk=","cFsY9i99TwhBkXJ38SOk131+81S+VLxh8RT8ZkI7ybw=","OznCRV6GUtn8n/okr8X71K1kU59ELEgs29i2a5FTZk4=","yH4HQpJXa1HrLUe/f+kaU6wXMzWjk9twwDCLt4xM9u8=","5tW3dLyTjilPUacAu9StiRIzszkRhJZw97uWMhVC+3Y=","jvKZhW8NfMinwLFwnxHIVYdX1fhsFI++G1x9vO34Ao0=","7V0b2lhnrqgutgAvtqjUgN1hoxcWxtSQxcNeIveoszs=","+XaVJ3s0RwA0TH4IVlhSrrq96RztgjoaofQE2ETR0yo=","/Ng7uo2bHbASrQL/OKiD+qDh0F0KdAMeE0oIhQ237r0=","nvsjnS+ZMxQYU47Qqw0WUod4KZ7kz7sswxZn4w0PIgc=","zRHeWnGFbLl6NhGJEXI7b9KIYsQFzvAz54uP1RQQ+fE=","i1sOwiUR5/e+1hMFDacCG9Dxs/01ajK/QWGoXoTHB9s=","rd47HDle5tb6gkFRDyFENtRnbfUCPjq64V2RwvOMsEU=","wDR6vuQD7JGmVsSX1L6sOdnFwHeOaw/nGiy3I4gzgVs=","PMxDSULud9bXFrDIMPngh/fX0L/vz2QPDF1wQrPo74Q=","OxyA7hQ9NaKZodScBQwiZeibSxXngVvZz9AcOrwAEEU=","OuPQeU4RVYmJ6So8prPOG0eEc1rB3lmyz7zH5MIOFCw=","qVJ1LHtwO1ZidZhf6VVUlVMWNeylRcWIAYrzsoTpM+U=","W3j84E9VR/xTuBQOd4Y+lyMxsOXC45px68gY/55UHlE=","D6EcvjDvVEwEOdXXdYoa/ACRVTaNEdFoAlt1Qt42LHw=","7iVLZogvAXXHDORVd0a53fpZvadQ0BCj57kDaq33+xw=","vRgk+43IaGrQie6C+AeBm/KVKj6DzB8A4fzGhWNYX1A=","bEAt0s4dArK04RBd0Iqzx/38vgHjw06qDCd5unuQTcY=","eEuR8XrKof4Kr75rxF2E9QnNQ0Vf1z/iP6GkJ1dkYg4=","icBUMI3x1pYU5gWkQ4pW0mc80gpqKLIEIfiLBXEPYq8=","Yn+pNhVG/Eb9zFp6OLFa09h+rMikuHjEOn/Na0WlVIc=","vHy5Ee7xfRgoexpN+BeasB0uUFhD+ouB9sNdUktfxI0=","kTwN7kh2U31XzYgEvRGUUxYQF4hSfMRu+r8iP6sLZjs=","wdSQ2mRcJyitwzsIMwy6xh08uh1hRMyKIcni7LtrYo0=","8ayBBDYyL/8CfCJLks2BjGnjuR41W8FRMkX5gR+5AwI=","iDrWCdu+agjn8+W4pqK+smmYGnCz7DwEy3MJh4l2kQc=","u2byYMYhUSGpn3oUO6zEVnIQeZUqaFVJlpfOOTb923A=","fkzA+f8HVqH+3WMjHMOpL1o5XJODV7WYEFjfB93LQ9s=","YK+bfsqdiGa3xd5ZbLux4R5tf2LNsssXPqq3jEkaL2g=","XIQ4Vry9WpRns6oCEQqEKlDXAQfsZg/t45Nz66PReiM=","8tjWWPYU0DCqbkeLl0jYcxN4WpKhRQLe9SfJA6y3GyM=","VxFmDeXa+ELAG6kyp65I4YEC3UVVmVU7cW1ORyQhpPA=","10PVxFIlmnUQVahuV4qYdXRmRXEzQur6pR5VlJKV2G4=","vzI4CpYDXq+TiE3JDDeKyh4+hvTtsmXYBsFxDMAqUFc=","d/8Xo4YfLItrhME+WdxToVPF/OdiY7vUw6qi6bv3FF4=","ehofMWxynbtqBdnWw4aXL9/hguqYcLI85K4Lqjvs5Fk=","ocskpi9tL89kfHkpxtoMFfPTiysGpQ4dv5tkXZ4pvFk=","GTgiY2UJFBfBX5a77PLp8T9KrRVkb/pEGaTyTYToIuw=","ohYzbbVebztM43zwYbddaCzLs8UCqbgyk6LP1SoghBk=","xG1ipGyGDmOvnCNvmbbsZsSdJL9tF+z2LMNfezuf+FQ=","PbYthiU3WkJ2NgNowsS7qnw2S1RoJTgguBIk/SKHDnc=","RyhdDoUjpEkwOPCfsVlPhUcoOJICKZnx1IyYUTeAt8o=","nNMLnoiTJf0F4rbu/VFgj0b5IpMh5PLCb5UhgFo9f1k=","6AWQZ5PWW+4K1MFs4UMTtc+Y4l17Npvsg8jhpiK3FPs=","097u8gFRRyJdAcIPstPfop1/X/W97q2pQsGJgVnN1uI=","eQJ8nFpjjOJ0zMN66pO+xA8iiXgbEelgjR9xJmvnk9I=","o3heon7a50jQp8xcNbwQNs0lxIJZGzb63+vDGZI18Bg=","rDYdutw7o3R7kC2u0kfjhI5vB29+K9QPgJvNplPTdzg=","i79dJaNgi2ubh/hG6Dc2nYxeNbEsOPAlHtcugfsA3fM=","DF1JPscY98Xhtpfb6LvIBGTgcz3+CVtl5lj+E+C3NT8=","12pqx9psxVHHRftapXcUOL/XAgwCB5u/O3CaZs9Mqp0=","2y8UqT5seIPp1dfKTKDBmXPuUhMTT2PmPLk/DLJBL60=","uMFaiZG3+a/1PI1R6dHFAOYDTmr9dmbQ/OlwGMku/+g=","lI2DHxMu6ADLb+TGOPgBusRrufgmM9x7sBeYSIaLLvU=","9jj4pM3iS/O94Ivng+jo4miBkOaCeYJ+JWtw1Hwb/bE=","AapV4luwiwFGVzOQNxbtapmQC6bCKu1GxLdcd3bfaH8=","qrtxiMAMnf6X/DWVHQVyiU8B3EbXLotUuF2JH3pH8zQ=","DsPl7eQz3NY62+No2x3NTcGGEH/ZqgTYv/gs2olJ66w=","Krm+/rO3FEBp5QsZzWsth7IAGPa9+FzADCGsqQ7v5vw=","AgWgy1O3v80PEKnVWuQGX3bh34nlh6mL7Bc3gpD3Rnk=","BZtLxDmuIucGcl39iRY91okFrp2zTgqmsk6ek5XLcdo=","jxXr2p/NmW7QveyoiK3JwvfdiVCQ2GqVdqvPlDy1MqQ=","UpZFVpwSTMTGF+UJQChWEjXpUqLx6o1NzVVQYku+Kns=","/3oVdDwx1WvEAcE3XXVVohYlzMs2c/DjGiH6NdgmD/g=","etUOuR8nqRqT5EJUkUFYt2pmoUZGh/5LN79C/aWErTI=","Xng2X8yqyPlX3giexAwP/PtNFkBE5c9UctjjDUiWpwo=","WRJzcnKP4zFV7CYw+qEKvyAQk9OMVh61WCwkkCO1zL8=","UyFupoobDI6HCgzkXXlhv/dF9MFhzRWqTjz3eTNkhZI=","4V5aHzBkfM/IptbbPktXY8wrfCRpWHTxRC+N5/dUwOM=","KIMi3o8Iy3xOlgnRHcEYGRPVmZtMLwk0eqNp7UbrMmU=","srB5LItMSsDOTx9+4Z2Og5QUVdVhx9bbCb9tv8MkDoY=","g11FHRYlyq2h91keawr8fsKEAjBup4E652H+fGDGDc8=","m4llqAUU30ly4DBmOA0tvWEPoqvyiyUERJSJoqKzd9E=","YFAGyUmu67gLMEWiuwJMU+q8BCwpRpg/vCqbS+p4nME=","5WKpieykyXgMKUMUtvpMXBud6W+SUQkn0/j65r26cy4=","GY0MeD64E8ZPyQqYkOcvlaIDRm5QvpzuIlZP61VBm+4=","ybg3vPweqlwP8EWHh+ns+ldhZGccy8BUXbmlQ7DW0F0=","AIG0G8zLEjGN1LyGGMmligiOICuXJbHUUSDkB5DsAOU=","MxmdK+ElOsKiOwpd/J4WrFHTl3DDXGE/PmleTV4Mj9c=","GoYxVcp2iD4JbzWV45XvkUtmZ/h0N3fwZVGqO9ATVrI=","yQ8A4m9mxg1hhHWNaavze7YgCXP3gM0NnpXnZpczKIw=","VyGeqnyQajgY0HVLSSMCy7a1SJtuBUpVl3z69qCXhRA=","r5X+fdJjEw5xXhFheLV9uwla4n4T7hx2YK5eK7c9LHY=","FfkR2zQ2+sFkmiCxWnNcCjqzjnkPva9YO/0nGvRjaS0=","63CD4NO9GGNQmic6YWGNg1g/cA/85A8eHV5gJofAQwA=","vdahRTPlLVmFlOEOwUZdAtXB1vxxjWbFXmqorvoiuBw=","aCfu2qGSYWvPfZq4kmHQhQw+STmN+bys3bBW9ZgsBeY=","pr8OqBdjUIidoInmCylXOYNvNsCXk7s0YlgaXeOyr5w=","I9bYKsSoZemznc861duX59J63gc5IGVrbumfp5vTtHE=","o6sdw6z91yfmYrw4Z42JN810HluHMOj++HvQ2kfXgW4=","93GurJ+w0yymllKHVl7x0wBssvsErF1qEnmIcxvYu2M=","FK6FEaGmkYOeEyuG1P7khs7cIYiL+Sp3UNhBxkIjolg=","/6pL+4fFUqLOHiedvD6WZroDzDDdQ3beQXgnM2/Vx+Y=","8uAEApukJDsVA20uDZmU8iqb0fGCiiYv6stjeu4mfNg=","oUzg1M+BHbp8LYvAdZLufsKAy3MIlzgBJ5ceY2lrk10=","oCkWkIRDnzcKlgcp6/CmDwFhqgFyAqsF37eZ1Vx50BA=","11lDeZteA6CWpgRAjCucO3FQMIR3kCrIJv/NsXgfa/c=","OU6jbASguDwREyxFz2BV3xAXQe6ZgMZiZ9AAyseV72s=","+tA7fOF2OJtJOs6rnMR8ou/CI1/LSkd8mYcBRztSpyA=","cC+sCAOVGfvUeBl0/wiJd6LuJ317ldCXzg7tQRG6rWk=","WOfXEI5QQbgk2ZR2Rcn7dorj4ijuHRkZxf51aTTNQU8=","a0hiHLBBd7mgD46UYLKUsJcry8Ae8LCmyzEv531wu64=","bDnaSe3wiNat3fAW0J1h40mn3CwliXFbFpHTfU45Rd0=","9F1mEwpW9K/1wffEv92EwMcGf/xBB86DWjgl3oM8hqM=","yiourW3m1BJUobsO3jcOAWmWeJdP3iATw+69adX2q3A=","oGr4MQrK4CbQLHfVlJCJBXxG4PviSpe5pCmB0YgsBy4=","d/nB3Qyt7Fu3oL80ROyZZspAisOBOixbaSxi0cDONKM=","SNk9weF3H+1b/ew0hghKJM+jx8Q7HE7VKFIzymhxdMc=","hH/hzuecln1lqBWvOf604SZW59JWFOsCxOOmxK7FMMQ=","VmdbIoN02jg3r7Xx3PhGgHA+i5CgTnMKUCwc6DYc+EA=","npvP8b5sRxZblE9pnUDFJwSGP0STsTrQzhPJ+zMZZeg=","1sO7fBvHoBzFFb6gSMkBRi7dv9xjgPmTwhBRvg1mpOM=","ssuSj1G5XZT4YT7Mjw6qmIBlTQjTEJlhcmsW8bZJAzk=","RLdiRfEsOknEADWwlZpDz+23flS48kggmhKlqJL+QQY=","wl/EBzgfwcdv+xbcP9dE6LdoSUFSWJX9WjYJJy8/xfc=","1NPYZzwj8dCbepYPPWSqWPxDC+FqkIQP289W0EoqqQ0=","NT8vwyM6vAxLqYkJHFh3yly49AFby2TlJk/+tyVG1p4=","TL9kDsxH3qFsHC6IlQJAVLa/JWY4k7HTJMc/T/3jtiU=","EUOTrmvFVvKaYskPYralkncSFjeBQq8FEMDZ26jSvBA=","SJy4oCHgKpZTfngE8I2c+QIL3UHh2bg1Inr8x4NEC9Q=","o5QO1JUFXgcgewEw9XDmJRnsgJkWAJCHUOslHh/VE3E=","ZcPbAZzddEWhU2eQjnm7aPemNC8bqZ4oCGrssBeLw0A=","0sdEsmIqNYSX0ewA9SCpCQeB0FgybyhDT9YvMlwFIN0=","sQcgFe4g5hPDE8bTcwD+L826r8wG8jy/dhl6stX6ndg=","GXhwVnM97Kcf4xk/2MncvbmGO3YRMc1/KsEjnCAKfS0=","0ErYzzianUr3tCRAvTfXrme+V46nOF6tIfhn2MZoTGE=","qxLU4Y6tkgJDoIAHzF9leP5S2QMqFZuT0MNBk0e5fF0=","cUs51iBbIDG8qrYI/t9T20QQya95+ELmYc0xLDOXXlE=","TsgJlhFclMZbtEMs013ePp1k9wMH6If4MEF9qPUFgKo=","x/Zyqiec/TeKUQ+nS953Ta2JTIjm75R9WBh7UdRyv5k=","Ke6LZCBf6EU94e2gsbA5eK8VvGm/njOmutIpF4yH17I=","2DdxSmx9gqKplmxsZN+krJ4JNRl9/G2vfOCL+2F6HaY=","rM12YWb2b1ukkz6r+covjMrYnqbDQSwslj0SHFwPh74=","bVC6uOvzgN9OJYnTJzpUB4qC4Z6zXIU6jNDqzDLpaXw=","JaHpPiVNsGV50e5CEnIxhikCRtgpyM5IWzLAS9fsn+o=","sm9rcSQmNFQ7rZ2u9sBA6bhlGvAgyMS1NXbkH4F2CMs=","a7r2qnKOnnSS5nIdxCWpPqd4bSqNji4mJuqj0BtZF4k=","QVlwVAz//RC6NmemeF9IEMq+vE93mMzMXMXwQys/kKw=","rDuZ0Z+kBUkT1pv/splsvxovPogwljWa95kaMvfjXqU=","U0mDUcBcYSAmUDROTQskJXTXgpztXRSh7CZcPW8Umxk=","/Cwv70oYxgaMGIRT9FblA5Af9VDqIB4aGM38KkRRUwo=","o4SpyYYQRNv6YvcNj1rc/vE0C8MLZ6UpAt2MmezIgAw=","bKAX4xApUJlezzDXiyu/+uSfMBuuFeYOuN1JenQzWCY=","DWAOx3VV2I1r0t3o/qpebkAG+JvW4pqr5TN1CEzK9Vo=","cIX4BZ2vCVYw3XoKqg6lljVIdbyGb9+w4furQxX4prs=","C0qHZ97uAttB2hYJQD4UmAgseeZ60D9bT5YI4X8N1vA=","cgHXyuN+aTElvipPJW2BqHQ8jboplXD93rvXdmwKcEY=","UFNxKdUS9YJvm0dkU/dEq/BlTHEZ89Nk7RxfUb1ZRYg=","WZtJahOBwGJ3X+wwtwkCdzCaV4nTL87oHmSJEVSxO3M=","OOKa9wthMFtiQGijxdmCaDSw8tJwlY6xULhB/0TGnKk=","JSE/afkL8Wj9PLATtYKf9+FtdX+u50wGVIaBwfMJ244=","CU2FanabBYvdt+YaNACoUlWpDlY8h0/9WqnnagiVF1c=","0YKrFJ5g0ZIesXV0iZNKbQpA24SaJn5OMn1iYTliLNQ=","czWHVgi4/5AP1QdbtmNISK5F43/Lm3YbCGLJR5781kU=","i15oykpiqLKF7T9tRnHM9hNamyPEkTClCBKKgwiNXjs=","SElh72PV+CcYXybpJZH3ZvcwW6PZwg+DHifnNzKHAYE=","HPA47UZB9BqrVNF1Er+xG1ivlEz3uCFUS8xfZupFHCw=","Pmvx+ubRheAGMwoiREfSQdZHh33dCXq1tRDsdjZXVXw=","/ktQjZdZ6s2NAANRNXsBxOX00xKvnTsf5D4yD7TM3r4=","x851BuODkHCg7RVNE6MymNM0z0aj09V/XFdGFHgGAdQ=","geOTirEYkhmsWa5Nv+TorgXlUcRMsEpNq0ueRGlPG9E=","dzOICxULk5Q9UA+hwqQfRrlKsrfwZXRwqz5W49sa25o=","gyCkWfJfcDiRqvFmQAgxFS+Cyiwg0tbsVXmnHdKJKTM=","uFwlyPGrTYZGgMvNlaPYzWSbl0BAx7FfoSw8RvYVfwA=","81QW4NIADyfWoMazXucKAm40tPjBzltUi5g3Wcs8U8I=","PgrzdW3L/7JSxbtW4F4DUTH6qvvXU+mbbr5TCPwu+Mw=","keyqfKl/xJpfANgImV1CSYeIUCbHe7+DsL6/FzddwVE=","ZP9GV80fLr5OFJrmRvRS8J7GKaWIu+X6raIUO8WQ+WE=","Jt878tuEETeH1mKlXmLv1oT62vPqYcPOp4WXuX7vwjo=","oov+zpI3yO41aj6ZKWY6Zrn5e8oU2azGdJ+EsfwOb7Y=","896xuMOkreexX8QyabIxOkcHE8ADgzn6oNL1t1asOSs=","41BEkMYuBEd+iCMjfrZ9Ku60hITrQXh9fH5Lp5tg5Hw=","syHMKxPJMOs9TwpNClZPvFi99JpjHY4wxuUZ/CKLnxE=","9ikp2YzbV+lhTrlULKYNxcGL2YfZ0hvbyB2NPlTii7Y=","0TdmMaUP1PPkvXUjqOmiywFn0PYVE4HuupqTKeDmQv8=","di2HJ/MyJ3iHY6VH7KSIv9Bi6yhP/ILMdR4LebDCdTE=","iKwERjCpOrLlDNZBei2lLdmBl9DUuDI0j0urZOs0Hro=","v1tJjo81CUEKFgx6a/JkLvUCG6QkgUwzATYCv8WMMco=","XXF31ZX/6PpLKF7PPPhASVmbGdV8Y22OPgV1UoMXPyQ=","8UjNHDh+ZG4X0S4R39+SrWCCOKCAxNn3BQjEdKHSqDA=","0pVzp3w0IAo5YGgUZgdMy26E/SE/oKjNd6DhshljSu4=","uIa7qbSnBb4Y+VMPKx1URrNsh1IlRQXQ2N3WZKL9A9o=","+pFh+NKQfK9fODD78Rk7GUL0zm8lC92ELyR6+gIbx5E=","iITZApW9zD/M4/yvTPp6QlGpRqwnGahjuIZbLTtKAGk=","9mxYd/feCjySuOS6Wqn5qv3MSvddudPfxKxW12UWhBw=","FQlkkbG3kCZv8GD79e6zxHXfKQrqqp1zxeKDlr+URfc=","pZ2rmcPoJxtf2T/OEhGam5EKGj8bi2FRcejx6o0mL+w=","iC7UHakMfLwIbOxk3syrhnhIugphKDzrHoPtfewZwek=","9U6cff0sXtTVD/p9yAtGllJ6I+sG8sJQOzN8EjLAVko=","05m2gAHwwnvrxAG5zsz1f1WJcHEXkuMdrZAo5aJmfxo=","zlAc3y08q5jtIJF/0rAOw/KMNKrtbz3bQOZGYbXN3lA=","PYqtZDJyzblKpOiYkb7gyudvAPWM7ORm9kjsW9AUQbs=","Dk7EQH32jbXu6tVrAte8ORiYnVP6XoguiRoGqw20rDU=","hPtUSM7lDiVYQ9JZF16zc5FAKZpA74orYvyTKFC6mGc=","/F1wzKbVSoNzpc2b1fEpUi6mKd7gZ1i77VQu8JLVApk=","eQWrSE9f5pX0ET05cUNmMTmT+znOlFUNd5PIw/ga1Sg=","TDUgqRX9dMAcu1HtBi4Yj31ckl0DJU6ZZmouBfCGtfA=","7bNykpeOsKFQrQOyEDxnhkgrw20q/v7D+/AShw4W5f8=","9femHcYFAlMiTW0o9FfbraHcq62whrDK/Pb/ixs0kec=","yvW/mIeaz4fTS37ddt1lbpdEGfoPmPPJfjbRwx1B4pY=","70G+emKPcv44OxjFD1hcAg8SPZo5RAX9AlEEHNAGwes=","a4Buh425tFqhH2mio5CRcBy1RjUCTfj9VqfvJZyAidU=","4Ouoe42X8AQa+L7aSkgfAJDKxKEcYUGJLlmEW4eG38s=","pCBGBchnMoTAqXk22eU/PaZ5ugfOX3L6gN53jfZAY1A=","+rlagOaBgsUJfQIqWN2Kea4QUV6EoGqDsryZJKE3J9s=","4UZLD+R2VIkL//9bvDDJnE0v+LW4Lm/2Oh7j7l2zNIs=","jhzPtRnAgYyXlBwOjZFNK0fYh0PCKcULB4P71BL8N/w=","57MaM5PAxtQ+IlFayxYx7C8uzKRb3sOdhCdG6KX0QbA=","7xcbc/oDRyTN2QQwUKRmcUTFKosMYLrVU4XogSAf1HY=","FY/c0Vx44u7exZGPF+iOJa0sVlzrB5GJ5/b/mXmmmAU=","7QPrAZRuY+FS0OuyAndISCN5Vkt36N4WW1h3NMp/Z14=","sKMCHD7M6wLYkRV3v3dLJawzBmSDA77TikBVJiyKcJk=","UQZ44OZLrDaRw75iN5bJzV9yRLNOlpMxwQBqKu0c8OE=","rfbuqgswihoFYMxLakHc2v3jk4xBs+ajFOPFwKpJLX8=","IwoSK5VC5NzQNogUBTzrWjJudv40H6X5NpoDqXesud8=","EdG/RFTM44CxyB0FsmWkNn1XyvOvQIabU8cHlzWsd/A=","TkvZXekm3EJ5eaORFzOVScX4ZILozyEQsEpg6Riyzbs=","eN1ZLGAp0XYCI0rrQ38s8ACwWYXm6DcziuHwYdd0+gw=","WSByQLa7MfG4AGJVZVHvC/kgYr/nZlTT9QAu1+1evIc=","DdAz1S9sGsmK5+vy6CtTe3o3pBaBcSPrcxtYklp5NMg=","f3BmDWsEoXPUQgVct2GO1rxgZzjpRJ3sZWzX4v/ZuKY=","l4N+g/EXj+sTLgcsClqMb52wMW8iLCB8ORlfcAkvq5c=","ZVPOHE8rDMYALovoklYp/0+c1FJ6YHOiOYOWCulzF34=","oqHI6ZnPxfY6hYIuzlCFYz9rdTRt7ZYZr7m65m55Ewo=","iNt8c7SttHI9WcIifB8nBOYjmh0vJibSweHfEEzffs8=","Vlo5V3d7JXkTNK7Rji7VvzThndlzt+Pz6xioN90Sakk=","LGMSLlffMnOw1ZdAlHu7TDiKCEnd1MMX6npPwA1Vkxw=","k24o34PMLLzcletZ8dB7a+zUp0m1pIU5575AmVXWuZA=","6BoE7M8EkXiYO6Qs2fLqXOlf/5yFQ1Iy5utpP8m2TC4=","dn2VNh17pcGFOnzs+pVN7k6gjHFscK1siBjGRUs31Jw=","IM26uSLGywORBS8l/AjQvoKU9z13bOf6EYrkvk0bCXo=","xxkc2PqB7723fuzWd/YRlke/0VoIiX4f/6xhfdY67Bw=","whNVYD/Ili9Qb9mhPnaFe/3quA9KVTHWqzcKvqt+PpM=","0d4jiVtoc8bcZBT+IXaGTDS1P8rrxkpCAu0ho/hFfHk=","/e4ydQGpZmRYwRCIrLCHnQOUjYZvQRCKA+vBOHFYOwE=","M0q+Qb51UMEC508dpXocFF7FhJTlL9GAXnmRlWUEvj8=","k6i+b7nUz6v/TBk9NJuLimDQctSS0Z8DBGmsZx6x1zk=","CAeeJm8KjXxjIDBdzB+B5VoiYksNbKIDeFt5TlqLUfk=","GRRpiPlFBPw1+V92lpgLMiymTOavCUHpcz6AQ6ulwUk=","7fxHiYi2J88Kp0+hEH/QajKc6W+d6wvmza9TTEcjFF0=","j6O4ghkO8NDGQajGUHY9H/hi0/NNiElxl46fAg+rG/4=","NOHthk29nuNR/8WNWoT7mfP3hoJJ5wT41yaW+T8AZZA=","PJpqpmiIn6Xpnu7Hsu72SEbb6E1Do3YEjg3QIvmzUBU=","nreH7QVviTi+l2+e7LXuM34MoXTuOXlRvyu/UOxUjj4=","Mt6i64leWUMrfHQQcRaZEZ95wjHFdSHSlDjJlqxerUI=","soJZm37mzF2VDKAs0CZkck9hxgZbYQgPH/3POKXzLfs=","4VABYswIG1a5j9iuNHo4u0MaqJ4cdtPFRiNQUBwF9dU=","3HNJTE9Kj6R+p/s1JgKYIwhzqAC659WPuC5mj7jmv8k=","rbnYnvuzE7QRDveR474T+dzwhGkWqxduLNQQGRxT+Z4=","J0IW+zqSzaUI/aP7PcpERDg/R3vAUG/AiX91rAmrW3E=","mmkYzhawbu3s+LfUe6NnO8nlI/C0bkA0YnvFJKg4TuM=","huMqtjRAHRN3DJ5DaA1l84xfJRRGVCve5MQozdH35xc=","v4XlnjU4Of34uu/Bs2aWAGNDoMnFCWuFKltXTv7fLRA=","rvCqy5pmXX5yF4RiFDES6qhCPb7//ANxQWALPNgWick=","t9nwiCM3k487R59lz73bs7DRagCztJTqwvDRMf95e94=","jitKN5Gtovr63t4pjk5QpJ8o9rpVOP0yW87pzPzgMPw=","N0V6mgnLE577SkS2xgkqEWyDLTR6daNtJRdnSwCHjL0=","LaivglMytTK2tLZePB3AvTub9JLtI+Y19XKRZMI/0yY=","l/cpFtDyl0CtyTnvMO7FFiG8Ie3fMDMkEBjKyJr9A7M=","qFMAA84apFvtSlc9uoc/R9oVptQ0JGRclj9KgSmpSAo=","vkOyiTPiJr/GDf3zxEbnm4/Pz/fTl1WqVwXdebct1SA=","IBCfDCl7840zLE+/OVcb3RyFGyIxtKYHKqjl2qKUx8o=","JzT1CA++3GMI44YMoQ8vVecGIPJshAYUD+LPHScahaw=","qWlC0aVyHx0LKBUuaGQ2EpdX6x8EcNSYDR8gdgIYE6c=","jqhSPVbTqx0i+Z+MvmDog0p5MRABYJ+AIcGL3vhskJw=","ln7to3+MT52z9NHxIKfC/SIuSS01pCK8BvncxKq6ACs=","uZJRLNOQw3hO6cyayOEEj1q5PGkKPt6SMt0rzgB2wPM=","O76lKNc4Tnbi1GgFNCOuVbi3u3dHMf/P6q2ensHvycU=","TWShmkRaajFRHDNahOUX8OZ3mbTbOlb+zjd2qiAVDug=","ARQmWG+A2s5dWn+duwAllaasIO7VMjidp7sC9BXVXiU=","9YRJMMArBJt06cb4xXd2wKR1mh/4DuQO384pJDIiWIc=","PQ/OEudUZc3D3Tcs8HyLgTeuRnR5TWprTNd5iRwpceg=","HxwJ9SxvxEQegDyWe5zuKwXnADO139/9XVkf856+aK0=","hs2QkKoQ52wshwKbd9JDsj34cpFft3Bkh+YnrC+sPO4=","iUmhm/4wesjLFDLN+A7yboAhqPElqqJlQBv1R5bXqF4=","0gkg/3N5qOjfuxTXYnFVA73I6yF62OQpizIou5dOXok=","BWnRitQq5P67V2v0MpzswqbKg6uVP9LX//kRfoGmaSQ=","p4X2Qyw6rbj65rYcxzTcHp1XXSN/nGL3f60yWe0VCvI=","swxbcLqxj29rLK1NfawDgrJY37GMrvpY1tKKVqpq8vE=","Y8ogtSz0zgCEKSTYMWl/uEdIffW2ErwtBw271Y6MncU=","uhjVbGs51wwQ4ytz3sZMpbOdUyHbCJ5t7JKXYQLPcjY=","v61QXGUEWBkr4f0uVEsopg0feJY5EUwUMYnhaW9cAZg=","JfZNObON2WuXVoChA9M7plMHCHVYfjBgdvJS0Fc9qdE=","zBQjGhnlnLZCnaCbmVCSicW4ayEWAwaHXvYybcJMoBI=","PxbeNlAvABRNpWaM5ZFsG+HSzTPuvt1tpSHRYOqxR8Q=","ppzu7tywoeziqmySa8VfP14AujGJ1ecHpR9MWz2C+OU=","c3QgFmu8BOMYeTGtlukn1UP5/vO2QVpKBKy0tQ6BhIk=","oXyIJWKU0VB5aS2jLabglSRjjCxwuLJxPrEChpJSZrs=","EhuOgPLsynt3IqJPN7GM4DHoQBvV3/90A+KD4lEXAAY=","1KXmr1X1q4rBgPbfrERK2f4U/3YThQ+fmS68UUZjPSY=","tZMLdCTY4T05nEgCCEdIXA4ChavqIoILvN1DvGywuGM=","3XUoh2g/v1PyHDbmBCIcR5gfbosFobafH7thk88plJs=","CQGkvVgTMlMf5YAOzMfb4nGF47JFnQdtHCC2+JGzy4c="],"block_size":4096,"path":"build/devtools.js"},{"block_hashes":["uVbTi2xMErd+wYACSEob3v5ciNDEcJec6Ykgo7xWFcY=","BOjHphD/bIZqnUJYpo6Dk+zTkJlRBzoMNOqPK37oBl8="],"block_size":4096,"path":"build/devtools.js.LICENSE.txt"},{"block_hashes":["yy0UIs3xZMcPeIt6HF0VoS2UcAp9H960tY8kdjvuB6I=","wDTCoJ63urIm7XE28hubC6GUgARPeZx493mXFt1UyYk=","s6+gLRrGCHjL+GNcG4/nUIKTXMrSEIUGsMawyFUIhKo=","sqJ04xiGFLh4kXi11o7opojMc+zpe11UFJ5HDT9ytNo=","HzmmZ9mGVrgiszO4isyaV7tY9t+aTpje8WDQEKBQxW4=","cDDh4rvyVe+pUnMDe70t2x9EFLpHPUP4i3G3UHYTDNk=","8Uwfa+qBCmZZpN8qhvcOqLiM0jQsrnW6x47RCbeLGxA=","RGIGtIRgSQqCuzVi5bpoq0Lg/vmKPpc2X6jddJ8fQfc=","6U1CneEynig6MLPisnRTRGuuHfQwdXiK1OfJUfsaK6c=","BQwp8BvT20nmTRj4HJ7BQrOaln1QeC3NcQBS2Z/8ZKA=","dF+20SqHCqkrra3Wdc/Fo8zkOPsvmk0LfZvcmmmbjt8=","zIrsR1AtwYwnHJNZUeKlD0Q4PyWchm1ljBfFJMmA9F0=","Hvpp4DLJEFJnRt+RDbKsw7G3EKItvrcUY5m6Gnusu1M=","N7z17yEbqjAPjbh1TuMueQSZMOvByS+Rn/42jwRGXDc=","ARR5g5ssK+V7aCNH/LupP1FnKwALRez2nEzHqLsKy5g=","W5SVUaYTnMq7kUJ8++Rd5iYr6ZTVYG5ySQGTPlgMI4w=","vsPdk1rq+3R6zohftFB0QK7d7sHaO0F+1DoAqwwDF7o=","zNL78aM2IVkiD9otrFIrYjGnBft0qpxSIcleFjE7HrU=","ukJSSRx2pMdAbcuMS7lUI6WmxsO/JadbbokImePpVhc=","kKiedMb9mR81fBLHnAfudbxPNjxE5Zdwwv4LEZaVLus=","Qfz63dimxmbwS3gwcU1JXjMTbMZeenhVDk3bdLc0A/8=","SFn2hFFuFb5bAGF3byE+Q0LthTU9Jhtk5iOZsUuivt0=","y11Btorp4m3gpigPsdRi3QCaHf68urGxtkn5wcKXRyM=","v/vqSv5P0BCWwxkFI6olzxsWCOF9+THyEK8Vxg8ADUA=","rjHqNEEk90SR6mhvFaHKFM2gLj2xCoGfgUP7mE2xgkk=","hBdUmlpkNTaOMilGsfGbxFgfTFzWBvHLUrHG6+EeA50=","b5nrG9s8Y7uayQ3E6+v+i/iS6aW2V58lsbWSQDS6Csk=","3NLc1l/JHEoNvbl+1biJkK0H8N08hAuqtTzuaMGzHtQ=","R3iZHCXq1d5LOxy2i1zatj3plD5uxpueXU7rnPsxbS4=","KRv00MNUPgxUSwhaRLBcQ22QAHlUK+MKVGpKvmbFYxw="],"block_size":4096,"path":"build/editor.worker.js"},{"block_hashes":["Cu98TWKGyFs4P1IGfXWOUeOtZXpmcMjQ/qPjcXBwxVU=","IdLbiPjJIjaZc6vnh72T6OFDeq2HV0yS2Lg3wyP/Q8U=","W7vhAkHZRQE2W3mAkT+4bfYfWS4KnrkyMGuVa25Hp9k=","gCr3aGlcbA3eVSG86gZGOzhFfzjAfhw7/sRhymicYHw=","bD3EeXer2UWHnC8oTX/iMkSFSIc5FLTKtA+90loq3xM=","f2ATpxlF24lb7HnrOUsj9Des2lTPtG866nf+jS9wbxw=","ZcX9tP/awd8MfKZnrN3p5cABBclvhKARLl6XHuKAmww=","XDufKD2+E7pYD38lWsjrDdPawsAPryUMLs52EM2tDgU=","d5iv0jOq9IMouCNQIXRBnIlz2PIw/nTPh/yr4gzdylA=","TxfaIXT0lbcn/5T/p3QSSgMB+bYjwrmeh7KclSitnjk=","gzhCaAyI9M18ITvxjWgpdedLZ7kqJ6rm3rHONZ/ehwY=","dpFJfae2LNg8dICKdb1e8EoB86LqjRoZm627zjz9D/4="],"block_size":4096,"path":"build/hook.js"},{"block_hashes":["gDQ15laY27fwD/bxLXo5XGtHsgjdBgmj+KwBH2JacBs="],"block_size":4096,"path":"build/proxy.js"},{"block_hashes":["6s2BPAFo79KIymC5B1ATmPgTpPrkPembG2uBocDSb8c="],"block_size":4096,"path":"devtools-background.html"},{"block_hashes":["m2+tSE6bHRx8BryawHG1+UXcEVG1+xLZhzkhf5m4V1s="],"block_size":4096,"path":"devtools.html"},{"block_hashes":["C8FtZxMPj/AgSBmRE+kq/PLO5kU0WuckJLXllIb1BpE=","ydrx6OI3I/hRIgP1vM1QF/p5/5SOMffESK4QlNL7xx0="],"block_size":4096,"path":"icons/128-beta.png"},{"block_hashes":["QEJ6SRvPnXx8R0wAa4D0HBYxtyMFCKKftpSLnRz9Djo="],"block_size":4096,"path":"icons/128.nuxt.png"},{"block_hashes":["INXZD11hbvjDBXXTDiP+YctVLp+9goWdQfIuMpIbxMs="],"block_size":4096,"path":"icons/16-beta.png"},{"block_hashes":["/U8wdgDjmpyaTscGY7BSPWlrVL1QlL8OL4FNjwWquow="],"block_size":4096,"path":"icons/16.nuxt.png"},{"block_hashes":["vfhR7PAHM+sZCTQvjExx9HIbO2grOF2sbJbXUBwRdk0="],"block_size":4096,"path":"icons/48-beta.png"},{"block_hashes":["eofgJInMu+iNPE8nE5efhPrIxoLyvJ3nQw+9Cm+SGdM="],"block_size":4096,"path":"icons/48.nuxt.png"},{"block_hashes":["+jkFUdM3f/TZuqjn7VI+2HH3UWhnBYNX1emQ7BGTX8o="],"block_size":4096,"path":"package.json"},{"block_hashes":["JlZ2L+kg0c22UF3TICwLDm1ro186IsHM175bDgSzdwM=","ruyuKiH8QyzRtBnKis64jQ/55O5i8Lk+zhusIvEjcxA=","ZXxfj64BhXAZMTTBkurVn7yRqOP9AGVlKkda/ACeU1Y="],"block_size":4096,"path":"popups/devtools-screenshot.png"},{"block_hashes":["WnOjrFiljUPKGusM8KJ3WQho8yhhQRpNg0KQbfie/aI="],"block_size":4096,"path":"popups/disabled.html"},{"block_hashes":["WEve5+7pvt0++l2kONO75dtcrf5T0dJ3cXfv3C0M29M="],"block_size":4096,"path":"popups/disabled.nuxt.html"},{"block_hashes":["m7gKmpNsbBq7ZZX4R3UQnhQwhDm3VCJeDnnwtmQkWIY="],"block_size":4096,"path":"popups/enabled.html"},{"block_hashes":["NeWhdlD8thNqmEAUfBnVQ2y39ahCzB90h5nfcx08mZc="],"block_size":4096,"path":"popups/enabled.nuxt.html"},{"block_hashes":["781HwoAgmZsahkwxfcNCpwjrfJu+KSzzHOYjSj6/g8g="],"block_size":4096,"path":"popups/not-found.html"},{"block_hashes":["1mjHDPWW2rtc/bpJo0N6Ksx8JEPnokjjTpNmasFxgaM="],"block_size":4096,"path":"popups/popup.css"}],"version":2}